family,model,deviceId,flashSize,ramSize,eepromSize
Midrange/Standard,PIC16F917,0x9C0,16.0 KB,352 B,512 B
Midrange/Standard,PIC16F690,0xA00,8.0 KB,256 B,512 B
Others/PIC24,PIC24FJ64GA006,0x405,64.5 KB,Unknown,0 B
Others/PIC24,PIC24FJ96GA006,0x406,96.0 KB,Unknown,0 B
Others/PIC24,PIC24FJ128GA006,0x407,129.0 KB,Unknown,0 B
Others/PIC24,PIC24FJ64GA008,0x408,64.5 KB,Unknown,0 B
Others/PIC24,PIC24FJ96GA008,0x409,96.0 KB,Unknown,0 B
Others/PIC24,PIC24FJ128GA008,0x40A,129.0 KB,Unknown,0 B
Others/PIC24,PIC24FJ64GA010,0x40B,64.5 KB,Unknown,0 B
Others/PIC24,PIC24FJ96GA010,0x40C,96.0 KB,Unknown,0 B
Others/PIC24,PIC24FJ128GA010,0x40D,129.0 KB,Unknown,0 B
Midrange/Standard,PIC16F87,0x380,8.0 KB,368 B,512 B
Midrange/Standard,PIC12F675,0x7E0,2.0 KB,64 B,256 B
Midrange/Standard,PIC16F886,0x1020,16.0 KB,368 B,512 B
Midrange/Standard,PIC16F887,0x1040,16.0 KB,368 B,512 B
PIC18/PIC18F,PIC18F1320,0x7C0,8.0 KB,256 B,256 B
PIC18/PIC18F_J_,PIC18F44J10,0x1D20,16.0 KB,1.0 KB,0 B
Midrange/Standard,PIC12F635,0x7C0,2.0 KB,64 B,256 B
Midrange/Standard,PIC12F683,0x220,4.0 KB,128 B,512 B
Midrange/Standard,PIC16F616,0x920,4.0 KB,128 B,0 B
Midrange/Standard,PIC16HV616,0x920,4.0 KB,128 B,0 B
Midrange/Standard,PIC16F627A,0x820,2.0 KB,224 B,256 B
Midrange/Standard,PIC16F628A,0x820,4.0 KB,224 B,256 B
Midrange/Standard,PIC16F648A,0x880,8.0 KB,256 B,512 B
Midrange/Standard,PIC16F630,0x860,2.0 KB,64 B,256 B
Midrange/Standard,PIC16F676,0x860,2.0 KB,64 B,256 B
Midrange/Standard,PIC16F631,0xA00,2.0 KB,64 B,256 B
Midrange/Standard,PIC16F636 (639),0x840,4.0 KB,Unknown,512 B
Midrange/Standard,PIC16F684,0x840,4.0 KB,128 B,512 B
Midrange/Standard,PIC16F685,0x240,8.0 KB,256 B,512 B
Midrange/Standard,PIC16F687,0x980,4.0 KB,128 B,512 B
Midrange/Standard,PIC16F688,0x8C0,8.0 KB,256 B,512 B
Midrange/Standard,PIC16F689,0x9A0,8.0 KB,256 B,512 B
Midrange/Standard,PIC16F677,0xA20,4.0 KB,128 B,512 B
Midrange/Standard,PIC16F72,0x40,4.0 KB,128 B,0 B
Midrange/Standard,PIC16F73,0x300,8.0 KB,192 B,0 B
Midrange/Standard,PIC16F74,0x300,8.0 KB,192 B,0 B
Midrange/Standard,PIC16F76,0x320,16.0 KB,368 B,0 B
Midrange/Standard,PIC16F77,0x320,16.0 KB,368 B,0 B
Midrange/Standard,PIC16F737,0x5C0,8.0 KB,368 B,0 B
Midrange/Standard,PIC16F747,0x5E0,8.0 KB,368 B,0 B
Midrange/Standard,PIC16F767,0x740,16.0 KB,368 B,0 B
Midrange/Standard,PIC16F777,0x6E0,16.0 KB,368 B,0 B
Midrange/Standard,PIC16F785,0x900,4.0 KB,128 B,512 B
Midrange/Standard,PIC16HV785,0x900,4.0 KB,128 B,512 B
Midrange/Standard,PIC16F88,0x3A0,8.0 KB,368 B,512 B
Midrange/Standard,PIC16F818,0x260,2.0 KB,128 B,256 B
Midrange/Standard,PIC16F819,0x260,4.0 KB,256 B,512 B
Midrange/Standard,PIC16F873A,0x720,8.0 KB,368 B,256 B
Midrange/Standard,PIC16F874A,0x720,8.0 KB,368 B,256 B
Midrange/Standard,PIC16F876A,0x700,16.0 KB,368 B,512 B
Midrange/Standard,PIC16F877A,0x700,16.0 KB,368 B,512 B
Midrange/Standard,PIC16F883,0x1000,8.0 KB,256 B,512 B
Midrange/Standard,PIC16F884,0x1020,8.0 KB,256 B,512 B
Midrange/Standard,PIC16F913,0x9E0,8.0 KB,256 B,512 B
Midrange/Standard,PIC16F914,0x9E0,8.0 KB,256 B,512 B
Midrange/Standard,PIC16F916,0x9C0,16.0 KB,352 B,512 B
Midrange/Standard,PIC16F946,0xA20,16.0 KB,336 B,512 B
PIC18/PIC18F,PIC18F242,0x480,16.0 KB,768 B,256 B
PIC18/PIC18F,PIC18F252,0x400,32.0 KB,1.5 KB,256 B
PIC18/PIC18F,PIC18F442,0x4A0,16.0 KB,768 B,256 B
PIC18/PIC18F,PIC18F452,0x420,32.0 KB,1.5 KB,256 B
PIC18/PIC18F,PIC18F458,0x860,32.0 KB,1.5 KB,256 B
PIC18/PIC18F,PIC18F1220,0x7E0,4.0 KB,256 B,256 B
PIC18/PIC18F,PIC18F4220,0x5A0,4.0 KB,512 B,256 B
PIC18/PIC18F,PIC18F2320,0x500,8.0 KB,512 B,256 B
PIC18/PIC18F,PIC18F4320,0x520,8.0 KB,512 B,256 B
PIC18/PIC18F,PIC18F2220,0x580,4.0 KB,512 B,256 B
PIC18/PIC18F,PIC18F2331,0x8E0,8.0 KB,768 B,256 B
PIC18/PIC18F,PIC18F2431,0x8C0,16.0 KB,768 B,256 B
PIC18/PIC18F,PIC18F4331,0x8A0,8.0 KB,768 B,256 B
PIC18/PIC18F,PIC18F4431,0x880,16.0 KB,768 B,256 B
PIC18/PIC18F,PIC18F2450,0x2420,16.0 KB,768 B,0 B
PIC18/PIC18F,PIC18F4450,0x2400,16.0 KB,768 B,0 B
PIC18/PIC18F,PIC18F6722,0x1400,128.0 KB,3.8 KB,1.0 KB
PIC18/PIC18F,PIC18F2410,0x1160,16.0 KB,768 B,0 B
PIC18/PIC18F,PIC18F2420,0x1140,16.0 KB,768 B,256 B
PIC18/PIC18F,PIC18F2455,0x1260,24.0 KB,2.0 KB,256 B
PIC18/PIC18F,PIC18F2480,0x1AE0,16.0 KB,768 B,256 B
PIC18/PIC18F,PIC18F2510,0x1120,32.0 KB,1.5 KB,0 B
PIC18/PIC18F,PIC18F2520,0x1100,32.0 KB,1.5 KB,256 B
PIC18/PIC18F,PIC18F2550,0x1240,32.0 KB,2.0 KB,256 B
PIC18/PIC18F,PIC18F2580,0x1AC0,32.0 KB,1.5 KB,256 B
PIC18/PIC18F,PIC18F4410,0x10E0,16.0 KB,768 B,0 B
PIC18/PIC18F,PIC18F4420,0x10C0,16.0 KB,768 B,256 B
PIC18/PIC18F,PIC18F4455,0x1220,24.0 KB,2.0 KB,256 B
PIC18/PIC18F,PIC18F4480,0x1AA0,16.0 KB,768 B,256 B
PIC18/PIC18F,PIC18F4510,0x10A0,32.0 KB,1.5 KB,0 B
PIC18/PIC18F,PIC18F4520,0x1080,32.0 KB,1.5 KB,256 B
PIC18/PIC18F,PIC18F4550,0x1200,32.0 KB,2.0 KB,256 B
PIC18/PIC18F,PIC18F4580,0x1A80,32.0 KB,1.5 KB,256 B
PIC18/PIC18F,PIC18F2515,0xCE0,48.0 KB,3.9 KB,0 B
PIC18/PIC18F,PIC18F2525,0xCC0,48.0 KB,3.9 KB,1.0 KB
PIC18/PIC18F,PIC18F2585,0xEE0,48.0 KB,3.2 KB,1.0 KB
PIC18/PIC18F,PIC18F2610,0xCA0,64.0 KB,3.9 KB,0 B
PIC18/PIC18F,PIC18F2620,0xC80,64.0 KB,3.9 KB,1.0 KB
PIC18/PIC18F,PIC18F2680,0xEC0,64.0 KB,3.2 KB,1.0 KB
PIC18/PIC18F,PIC18F4515,0xC60,48.0 KB,3.9 KB,0 B
PIC18/PIC18F,PIC18F4525,0xC40,48.0 KB,3.9 KB,1.0 KB
PIC18/PIC18F,PIC18F4585,0xEA0,48.0 KB,3.2 KB,1.0 KB
PIC18/PIC18F,PIC18F4610,0xC20,64.0 KB,3.9 KB,0 B
PIC18/PIC18F,PIC18F4620,0xC00,64.0 KB,4.0 KB,1.0 KB
PIC18/PIC18F,PIC18F4680,0xE80,64.0 KB,3.2 KB,1.0 KB
PIC18/PIC18F,PIC18F6527,0x1340,48.0 KB,3.8 KB,1.0 KB
PIC18/PIC18F,PIC18F6622,0x1380,64.0 KB,3.8 KB,1.0 KB
PIC18/PIC18F,PIC18F6627,0x13C0,96.0 KB,3.8 KB,1.0 KB
PIC18/PIC18F,PIC18F8527,0x1360,48.0 KB,3.8 KB,1.0 KB
PIC18/PIC18F,PIC18F8622,0x13A0,64.0 KB,3.8 KB,1.0 KB
PIC18/PIC18F,PIC18F8627,0x13E0,96.0 KB,3.8 KB,1.0 KB
PIC18/PIC18F,PIC18F8722,0x1420,128.0 KB,3.8 KB,1.0 KB
PIC18/PIC18F_J_,PIC18F24J10,0x1D00,16.0 KB,1.0 KB,0 B
PIC18/PIC18F_J_,PIC18F25J10,0x1C00,32.0 KB,1.0 KB,0 B
PIC18/PIC18F_J_,PIC18F45J10,0x1C20,32.0 KB,1.0 KB,0 B
PIC18/PIC18F_J_,PIC18F65J10,0x1520,32.0 KB,2.0 KB,0 B
PIC18/PIC18F_J_,PIC18F65J15,0x1540,48.0 KB,2.0 KB,0 B
PIC18/PIC18F_J_,PIC18F66J10,0x1560,64.0 KB,2.0 KB,0 B
PIC18/PIC18F_J_,PIC18F66J15,0x1580,96.0 KB,3.8 KB,0 B
PIC18/PIC18F_J_,PIC18F67J10,0x15A0,128.0 KB,3.8 KB,0 B
PIC18/PIC18F_J_,PIC18F85J10,0x15E0,32.0 KB,2.0 KB,0 B
PIC18/PIC18F_J_,PIC18F85J15,0x1700,48.0 KB,2.0 KB,0 B
PIC18/PIC18F_J_,PIC18F86J10,0x1720,64.0 KB,2.0 KB,0 B
PIC18/PIC18F_J_,PIC18F86J15,0x1740,96.0 KB,3.8 KB,0 B
PIC18/PIC18F_J_,PIC18F87J10,0x1760,128.0 KB,3.8 KB,0 B
Midrange/Standard,PIC16F870,0x680,4.0 KB,128 B,128 B
Midrange/Standard,PIC16F871,0x680,4.0 KB,128 B,128 B
Midrange/Standard,PIC16F872,0x460,4.0 KB,128 B,128 B
Midrange/Standard,PIC16F873,0x4A0,8.0 KB,368 B,256 B
Midrange/Standard,PIC16F874,0x480,8.0 KB,368 B,256 B
Midrange/Standard,PIC16F876,0x4E0,16.0 KB,368 B,512 B
Midrange/Standard,PIC16F877,0x4C0,16.0 KB,368 B,512 B
Midrange/Standard,PIC16F84A,0x2A0,2.0 KB,68 B,128 B
PIC18/PIC18F,PIC18F6520,0xB20,32.0 KB,2.0 KB,1.0 KB
PIC18/PIC18F,PIC18F8520,0xB00,32.0 KB,2.0 KB,1.0 KB
Midrange/Standard,PIC12F615,0x10C0,2.0 KB,64 B,0 B
Midrange/Standard,PIC12HV615,0x10C0,2.0 KB,64 B,0 B
Midrange/Standard,PIC12F609,0x1120,2.0 KB,64 B,0 B
Midrange/Standard,PIC12HV609,0x1140,2.0 KB,64 B,0 B
Midrange/Standard,PIC16F610,0x1120,2.0 KB,64 B,0 B
Midrange/Standard,PIC16HV610,0x1140,2.0 KB,64 B,0 B
Midrange/Standard,PIC16F716,0x8A0,4.0 KB,128 B,0 B
PIC18/PIC18F,PIC18F6620,0x660,64.0 KB,3.8 KB,1.0 KB
PIC18/PIC18F,PIC18F8620,0x640,64.0 KB,3.8 KB,1.0 KB
PIC18/PIC18F,PIC18F6720,0x620,128.0 KB,3.8 KB,1.0 KB
PIC18/PIC18F,PIC18F8720,0x600,128.0 KB,3.8 KB,1.0 KB
PIC18/PIC18F_J_,PIC18F67J60,0x1F20,128.0 KB,3.7 KB,0 B
PIC18/PIC18F_J_,PIC18F87J60,0x1F60,128.0 KB,3.7 KB,0 B
PIC18/PIC18F_J_,PIC18F97J60,0x1FA0,128.0 KB,3.7 KB,0 B
PIC18/PIC18F_J_,PIC18F66J60,0x1800,64.0 KB,3.7 KB,0 B
PIC18/PIC18F_J_,PIC18F66J65,0x1F00,96.0 KB,3.7 KB,0 B
PIC18/PIC18F_J_,PIC18F86J60,0x1820,64.0 KB,3.7 KB,0 B
PIC18/PIC18F_J_,PIC18F86J65,0x1F40,96.0 KB,3.7 KB,0 B
PIC18/PIC18F_J_,PIC18F96J60,0x1840,64.0 KB,3.7 KB,0 B
PIC18/PIC18F_J_,PIC18F96J65,0x1F80,96.0 KB,3.7 KB,0 B
Others/dsPIC33,DSPIC33FJ128GP706(A),0xED,129.0 KB,Unknown,0 B
Midrange/Standard,PIC16F627,0x3C0,2.0 KB,224 B,256 B
Midrange/Standard,PIC16F628,0x3E0,4.0 KB,224 B,256 B
Others/dsPIC33,DSPIC33FJ64GP206(A),0xC1,64.5 KB,Unknown,0 B
Others/dsPIC33,DSPIC33FJ64GP306(A),0xCD,64.5 KB,Unknown,0 B
Others/dsPIC33,DSPIC33FJ64GP706(A),0xD5,64.5 KB,Unknown,0 B
Others/dsPIC33,DSPIC33FJ64GP710(A),0xD7,64.5 KB,Unknown,0 B
Others/dsPIC33,DSPIC33FJ64GP310(A),0xCF,64.5 KB,Unknown,0 B
Others/dsPIC33,DSPIC33FJ128GP206(A),0xD9,129.0 KB,Unknown,0 B
Others/dsPIC33,DSPIC33FJ128GP306(A),0xE5,129.0 KB,Unknown,0 B
Others/dsPIC33,DSPIC33FJ128GP310(A),0xE7,129.0 KB,Unknown,0 B
Others/dsPIC33,DSPIC33FJ128GP710(A),0xEF,129.0 KB,Unknown,0 B
Others/dsPIC33,DSPIC33FJ256GP710,0xFF,256.5 KB,Unknown,0 B
Others/PIC24,PIC24HJ64GP206,0x41,64.5 KB,Unknown,0 B
Others/PIC24,PIC24HJ64GP506,0x49,64.5 KB,Unknown,0 B
Others/PIC24,PIC24HJ64GP210,0x47,64.5 KB,Unknown,0 B
Others/PIC24,PIC24HJ128GP306,0x65,129.0 KB,Unknown,0 B
Others/PIC24,PIC24HJ128GP506,0x61,129.0 KB,Unknown,0 B
Others/PIC24,PIC24HJ128GP310,0x67,129.0 KB,Unknown,0 B
Others/PIC24,PIC24HJ128GP210,0x5F,129.0 KB,Unknown,0 B
Others/PIC24,PIC24HJ256GP210,0x73,256.5 KB,Unknown,0 B
Others/PIC24,PIC24HJ256GP206,0x71,256.5 KB,Unknown,0 B
Others/PIC24,PIC24HJ256GP610,0x7B,256.5 KB,Unknown,0 B
PIC18/PIC18F,PIC18F2685,0x2720,96.0 KB,3.2 KB,1.0 KB
PIC18/PIC18F,PIC18F4682,0x2740,80.0 KB,3.2 KB,1.0 KB
Others/dsPIC33,DSPIC33FJ256GP506,0xF5,256.5 KB,Unknown,0 B
PIC18/PIC18F,PIC18F4321,0x2100,8.0 KB,512 B,256 B
PIC18/PIC18F,PIC18F4221,0x2140,4.0 KB,512 B,256 B
PIC18/PIC18F,PIC18F8585,0xA40,48.0 KB,3.2 KB,1.0 KB
PIC18/PIC18F,PIC18F6585,0xA60,48.0 KB,3.2 KB,1.0 KB
PIC18/PIC18F,PIC18F6310,0xBE0,8.0 KB,768 B,0 B
PIC18/PIC18F,PIC18F8310,0xBC0,8.0 KB,768 B,0 B
PIC18/PIC18F,PIC18F6410,0x6E0,16.0 KB,768 B,0 B
PIC18/PIC18F,PIC18F8410,0x6C0,16.0 KB,768 B,0 B
PIC18/PIC18F,PIC18F6390,0xBA0,8.0 KB,768 B,0 B
PIC18/PIC18F,PIC18F8390,0xB80,8.0 KB,768 B,0 B
PIC18/PIC18F,PIC18F6490,0x6A0,16.0 KB,768 B,0 B
PIC18/PIC18F,PIC18F8490,0x680,16.0 KB,768 B,0 B
PIC18/PIC18F,PIC18F6680,0xA20,64.0 KB,3.2 KB,1.0 KB
PIC18/PIC18F,PIC18F8680,0xA00,64.0 KB,3.2 KB,1.0 KB
PIC18/PIC18F,PIC18F2221,0x2160,4.0 KB,512 B,256 B
Others/PIC24,PIC24HJ64GP510,0x4B,64.5 KB,Unknown,0 B
PIC18/PIC18F,PIC18F4685,0x2760,96.0 KB,3.2 KB,1.0 KB
PIC18/PIC18F,PIC18F6621,0xAA0,64.0 KB,3.8 KB,1.0 KB
PIC18/PIC18F,PIC18F8621,0xA80,64.0 KB,3.8 KB,1.0 KB
PIC18/PIC18F,PIC18F6525,0xAE0,48.0 KB,3.8 KB,1.0 KB
PIC18/PIC18F,PIC18F8525,0xAC0,48.0 KB,3.8 KB,1.0 KB
Others/dsPIC33,DSPIC33FJ128GP708(A),0xEE,129.0 KB,Unknown,0 B
Others/dsPIC33,DSPIC33FJ64MC506,0x89,64.5 KB,Unknown,0 B
Others/dsPIC33,DSPIC33FJ64MC510,0x8B,64.5 KB,Unknown,0 B
Others/dsPIC33,DSPIC33FJ64MC706,0x91,64.5 KB,Unknown,0 B
Others/dsPIC33,DSPIC33FJ64MC710,0x97,64.5 KB,Unknown,0 B
Others/dsPIC33,DSPIC33FJ128MC506,0xA1,129.0 KB,Unknown,0 B
Others/dsPIC33,DSPIC33FJ128MC710,0xAF,129.0 KB,Unknown,0 B
Others/dsPIC33,DSPIC33FJ256MC510,0xB7,256.5 KB,Unknown,0 B
PIC18/PIC18F,PIC18F258,0x840,32.0 KB,1.5 KB,256 B
PIC18/PIC18F,PIC18F448,0x820,16.0 KB,768 B,256 B
PIC18/PIC18F,PIC18F248,0x800,16.0 KB,768 B,256 B
Others/dsPIC33,DSPIC33FJ128MC510,0xA3,129.0 KB,Unknown,0 B
PIC18/PIC18F_K_,PIC18F45K20,0x2040,32.0 KB,1.5 KB,256 B
PIC18/PIC18F,PIC18F2321,0x2120,8.0 KB,512 B,256 B
PIC18/PIC18F,PIC18F2682,0x2700,80.0 KB,3.2 KB,1.0 KB
Others/dsPIC33,DSPIC33FJ64MC508,0x8A,64.5 KB,Unknown,0 B
Others/dsPIC33,DSPIC33FJ64GP708(A),0xD6,64.5 KB,Unknown,0 B
Others/PIC24,PIC24HJ128GP510,0x63,129.0 KB,Unknown,0 B
Others/PIC24,PIC24HJ128GP206,0x5D,129.0 KB,Unknown,0 B
Others/dsPIC33,DSPIC33FJ256GP510,0xF7,256.5 KB,Unknown,0 B
Others/dsPIC33,DSPIC33FJ128MC706,0xA9,129.0 KB,Unknown,0 B
Others/dsPIC33,DSPIC33FJ128MC708,0xAE,129.0 KB,Unknown,0 B
Others/dsPIC33,DSPIC33FJ256MC710,0xBF,256.5 KB,Unknown,0 B
PIC18/PIC18F,PIC18F2523,0x1110,32.0 KB,1.5 KB,256 B
PIC18/PIC18F,PIC18F2423,0x1150,16.0 KB,768 B,256 B
PIC18/PIC18F,PIC18F4423,0x10D0,16.0 KB,768 B,256 B
PIC18/PIC18F,PIC18F4523,0x1090,32.0 KB,1.5 KB,256 B
PIC18/PIC18F,PIC18F1230,0x1E00,4.0 KB,256 B,128 B
PIC18/PIC18F,PIC18F1330,0x1E20,8.0 KB,256 B,128 B
Others/dsPIC30,DSPIC30F6014A,0x2C3,144.0 KB,Unknown,4.0 KB
Others/dsPIC30,DSPIC30F4012,0x100,48.0 KB,Unknown,1.0 KB
Others/dsPIC30,DSPIC30F4011,0x101,48.0 KB,Unknown,1.0 KB
Others/dsPIC30,DSPIC30F2010,0x40,12.0 KB,Unknown,1.0 KB
Others/dsPIC30,DSPIC30F2012,0x241,12.0 KB,Unknown,0 B
Others/dsPIC30,DSPIC30F3010,0x1C0,24.0 KB,Unknown,1.0 KB
Others/dsPIC30,DSPIC30F3013,0xC3,24.0 KB,Unknown,1.0 KB
Others/dsPIC30,DSPIC30F2011,0x240,12.0 KB,Unknown,0 B
Others/dsPIC30,DSPIC30F3012,0xC1,24.0 KB,Unknown,1.0 KB
Others/dsPIC30,DSPIC30F3011,0x1C1,24.0 KB,Unknown,1.0 KB
Others/dsPIC30,DSPIC30F3014,0x160,24.0 KB,Unknown,1.0 KB
Others/dsPIC30,DSPIC30F4013,0x141,48.0 KB,Unknown,1.0 KB
Others/dsPIC30,DSPIC30F5011,0x80,66.0 KB,Unknown,1.0 KB
Others/dsPIC30,DSPIC30F5013,0x81,66.0 KB,Unknown,1.0 KB
Others/dsPIC30,DSPIC30F5015,0x200,66.0 KB,Unknown,1.0 KB
Others/dsPIC30,DSPIC30F5016,0x201,66.0 KB,Unknown,1.0 KB
Others/dsPIC30,DSPIC30F6011A,0x2C0,132.0 KB,Unknown,2.0 KB
Others/dsPIC30,DSPIC30F6013A,0x2C1,132.0 KB,Unknown,2.0 KB
Others/dsPIC30,DSPIC30F6010A,0x281,144.0 KB,Unknown,4.0 KB
Others/dsPIC30,DSPIC30F6012A,0x2C2,144.0 KB,Unknown,4.0 KB
Others/dsPIC30,DSPIC30F6015,0x280,144.0 KB,Unknown,4.0 KB
Others/dsPIC30 SMPS,DSPIC30F1010,0x404,6.0 KB,Unknown,0 B
Others/dsPIC30 SMPS,DSPIC30F2020,0x400,12.0 KB,Unknown,0 B
Others/dsPIC30 SMPS,DSPIC30F2023,0x403,12.0 KB,Unknown,0 B
Midrange/Standard,PIC16F882,0x1000,4.0 KB,128 B,256 B
PIC18/PIC18F_J_,PIC18LF25J10,0x1C40,32.0 KB,1.0 KB,0 B
PIC18/PIC18F_J_,PIC18LF24J10,0x1D40,16.0 KB,1.0 KB,0 B
PIC18/PIC18F_J_,PIC18LF44J10,0x1D60,16.0 KB,1.0 KB,0 B
PIC18/PIC18F_J_,PIC18LF45J10,0x1C60,32.0 KB,1.0 KB,0 B
Others/PIC24,PIC24FJ64GA004,0x44F,64.5 KB,Unknown,0 B
Others/PIC24,PIC24FJ48GA004,0x44E,49.5 KB,Unknown,0 B
Others/PIC24,PIC24FJ32GA004,0x44D,33.0 KB,Unknown,0 B
Others/PIC24,PIC24FJ16GA004,0x44C,16.5 KB,Unknown,0 B
Others/PIC24,PIC24FJ16GA002,0x444,16.5 KB,Unknown,0 B
Others/PIC24,PIC24FJ32GA002,0x445,33.0 KB,Unknown,0 B
Others/PIC24,PIC24FJ48GA002,0x446,49.5 KB,Unknown,0 B
Others/PIC24,PIC24FJ64GA002,0x447,64.5 KB,Unknown,0 B
PIC18/PIC18F_J_,PIC18F83J90,0x3880,8.0 KB,1.0 KB,0 B
PIC18/PIC18F_J_,PIC18F84J90,0x38A0,16.0 KB,1.0 KB,0 B
PIC18/PIC18F_J_,PIC18F83J11,0x3980,8.0 KB,1.0 KB,0 B
PIC18/PIC18F_J_,PIC18F84J11,0x39A0,16.0 KB,1.0 KB,0 B
PIC18/PIC18F_J_,PIC18F85J11,0x39E0,32.0 KB,2.0 KB,0 B
PIC18/PIC18F_J_,PIC18F86J11,0x44E0,64.0 KB,3.8 KB,0 B
PIC18/PIC18F_J_,PIC18F86J16,0x4500,96.0 KB,3.8 KB,0 B
PIC18/PIC18F_J_,PIC18F87J11,0x4520,128.0 KB,3.8 KB,0 B
PIC18/PIC18F_J_,PIC18F66J11,0x4440,64.0 KB,3.8 KB,0 B
PIC18/PIC18F_J_,PIC18F66J16,0x4460,96.0 KB,3.8 KB,0 B
PIC18/PIC18F_J_,PIC18F67J11,0x4480,128.0 KB,3.8 KB,0 B
PIC18/PIC18F_K_,PIC18F25K20,0x2060,32.0 KB,1.5 KB,256 B
PIC18/PIC18F_J_,PIC18F65J11,0x3960,32.0 KB,2.0 KB,0 B
PIC18/PIC18F_J_,PIC18F85J90,0x38E0,32.0 KB,2.0 KB,0 B
PIC18/PIC18F_J_,PIC18F65J90,0x3860,32.0 KB,2.0 KB,0 B
PIC18/PIC18F,PIC18F6628,0x49C0,96.0 KB,3.8 KB,1.0 KB
PIC18/PIC18F,PIC18F6723,0x4A00,128.0 KB,3.8 KB,1.0 KB
PIC18/PIC18F,PIC18F8628,0x49E0,96.0 KB,3.8 KB,1.0 KB
PIC18/PIC18F,PIC18F8723,0x4A20,128.0 KB,3.8 KB,1.0 KB
PIC18/PIC18F_J_,PIC18F65J50,0x4100,32.0 KB,3.8 KB,0 B
PIC18/PIC18F_J_,PIC18F66J50,0x4140,64.0 KB,3.8 KB,0 B
PIC18/PIC18F_J_,PIC18F66J55,0x4160,96.0 KB,3.8 KB,0 B
PIC18/PIC18F_J_,PIC18F67J50,0x4180,128.0 KB,3.8 KB,0 B
PIC18/PIC18F_J_,PIC18F87J50,0x4220,128.0 KB,3.8 KB,0 B
PIC18/PIC18F_J_,PIC18F86J55,0x4200,96.0 KB,3.8 KB,0 B
PIC18/PIC18F_J_,PIC18F85J50,0x41A0,32.0 KB,3.8 KB,0 B
PIC18/PIC18F_J_,PIC18F86J50,0x41E0,64.0 KB,3.8 KB,0 B
Others/PIC24,PIC24HJ12GP202,0x80B,12.0 KB,Unknown,0 B
Others/dsPIC33,DSPIC33FJ12GP202,0x803,12.0 KB,Unknown,0 B
Others/dsPIC33,DSPIC33FJ12MC202,0x801,12.0 KB,Unknown,0 B
Others/dsPIC33,DSPIC33FJ12GP201,0x802,12.0 KB,Unknown,0 B
Others/dsPIC33,DSPIC33FJ12MC201,0x800,12.0 KB,Unknown,0 B
Others/PIC24,PIC24HJ12GP201,0x80A,12.0 KB,Unknown,0 B
PIC18/PIC18F,PIC18F2458,0x2A60,24.0 KB,2.0 KB,256 B
PIC18/PIC18F,PIC18F2553,0x2A40,32.0 KB,2.0 KB,256 B
PIC18/PIC18F,PIC18F4458,0x2A20,24.0 KB,2.0 KB,256 B
PIC18/PIC18F,PIC18F4553,0x2A00,32.0 KB,2.0 KB,256 B
PIC18/PIC18F_J_,PIC18F63J11,0x3900,8.0 KB,1.0 KB,0 B
PIC18/PIC18F_J_,PIC18F64J11,0x3920,16.0 KB,1.0 KB,0 B
PIC18/PIC18F_J_,PIC18F63J90,0x3800,8.0 KB,1.0 KB,0 B
PIC18/PIC18F_J_,PIC18F64J90,0x3820,16.0 KB,1.0 KB,0 B
PIC18/PIC18F_K_,PIC18F44K20,0x2080,16.0 KB,768 B,256 B
PIC18/PIC18F_K_,PIC18F24K20,0x20A0,16.0 KB,768 B,256 B
Midrange/1.8V Min,PIC16F722,0xC40,4.0 KB,128 B,0 B
Midrange/1.8V Min,PIC16F723,0xC20,8.0 KB,192 B,0 B
Midrange/1.8V Min,PIC16F724,0xC20,8.0 KB,192 B,0 B
Midrange/1.8V Min,PIC16F726,0xC00,16.0 KB,368 B,0 B
Midrange/1.8V Min,PIC16F727,0xC00,16.0 KB,368 B,0 B
Midrange/1.8V Min,PIC16LF722,0xCC0,4.0 KB,128 B,0 B
Midrange/1.8V Min,PIC16LF723,0xCA0,8.0 KB,192 B,0 B
Midrange/1.8V Min,PIC16LF724,0xCA0,8.0 KB,192 B,0 B
Midrange/1.8V Min,PIC16LF726,0xC80,16.0 KB,368 B,0 B
Midrange/1.8V Min,PIC16LF727,0xC80,16.0 KB,368 B,0 B
PIC18/PIC18F_K_,PIC18F46K20,0x2000,64.0 KB,3.8 KB,1.0 KB
PIC18/PIC18F_K_,PIC18F26K20,0x2020,64.0 KB,3.8 KB,1.0 KB
PIC18/PIC18F_K_,PIC18F14K50,0x4760,16.0 KB,768 B,256 B
PIC18/PIC18F_K_,PIC18LF14K50,0x4720,16.0 KB,768 B,256 B
PIC18/PIC18F_K_,PIC18F14K50-ICD,0x47A0,16.0 KB,Unknown,256 B
PIC18/PIC18F,PIC18F6393,0x1A00,8.0 KB,768 B,0 B
PIC18/PIC18F,PIC18F6493,0xE00,16.0 KB,768 B,0 B
PIC18/PIC18F,PIC18F8393,0x1A20,8.0 KB,768 B,0 B
PIC18/PIC18F,PIC18F8493,0xE20,16.0 KB,768 B,0 B
PIC32,PIC32MX360F512L,0x938053,524.0 KB,Unknown,0 B
Others/PIC24,PIC24HJ16GP304,0xF17,16.5 KB,Unknown,0 B
Others/dsPIC33,DSPIC33FJ16GP304,0xF07,16.5 KB,Unknown,0 B
Others/dsPIC33,DSPIC33FJ16MC304,0xF03,16.5 KB,Unknown,0 B
Others/PIC24,PIC24HJ32GP202,0xF1D,33.0 KB,Unknown,0 B
Others/PIC24,PIC24HJ32GP204,0xF1F,33.0 KB,Unknown,0 B
Others/dsPIC33,DSPIC33FJ32MC202,0xF09,33.0 KB,Unknown,0 B
Others/dsPIC33,DSPIC33FJ32MC204,0xF0B,33.0 KB,Unknown,0 B
Others/dsPIC33,DSPIC33FJ32GP202,0xF0D,33.0 KB,Unknown,0 B
Others/dsPIC33,DSPIC33FJ32GP204,0xF0F,33.0 KB,Unknown,0 B
PIC32,PIC32MX360F256L,0x934053,268.0 KB,Unknown,0 B
PIC32,PIC32MX320F128L,0x92A053,140.0 KB,Unknown,0 B
PIC32,PIC32MX340F256H,0x912053,268.0 KB,Unknown,0 B
PIC32,PIC32MX320F128H,0x90A053,140.0 KB,Unknown,0 B
PIC32,PIC32MX320F064H,0x906053,76.0 KB,Unknown,0 B
PIC32,PIC32MX150F128B,0x4D06053,131.0 KB,Unknown,0 B
PIC32,PIC32MX460F512L,0x978053,524.0 KB,Unknown,0 B
PIC32,PIC32MX460F256L,0x974053,268.0 KB,Unknown,0 B
PIC32,PIC32MX440F128L,0x96D053,140.0 KB,Unknown,0 B
PIC32,PIC32MX440F256H,0x952053,268.0 KB,Unknown,0 B
Others/PIC24,PIC24FJ64GB110,0x1007,64.5 KB,Unknown,0 B
Others/PIC24,PIC24FJ64GB108,0x1003,64.5 KB,Unknown,0 B
Others/PIC24,PIC24FJ64GB106,0x1001,64.5 KB,Unknown,0 B
Others/PIC24,PIC24FJ128GB110,0x100F,129.0 KB,Unknown,0 B
Others/PIC24,PIC24FJ128GB108,0x100B,129.0 KB,Unknown,0 B
Others/PIC24,PIC24FJ128GB106,0x1009,129.0 KB,Unknown,0 B
Others/PIC24,PIC24FJ192GB106,0x1011,196.5 KB,Unknown,0 B
Others/PIC24,PIC24FJ192GB108,0x1013,196.5 KB,Unknown,0 B
Others/PIC24,PIC24FJ192GB110,0x1017,196.5 KB,Unknown,0 B
Others/PIC24,PIC24FJ256GB110,0x101F,256.5 KB,Unknown,0 B
Others/PIC24,PIC24FJ256GB108,0x101B,256.5 KB,Unknown,0 B
Others/PIC24,PIC24FJ256GB106,0x1019,256.5 KB,Unknown,0 B
Others/PIC24,PIC24FJ128GA110,0x100E,129.0 KB,Unknown,0 B
Others/PIC24,PIC24FJ128GA108,0x100A,129.0 KB,Unknown,0 B
Others/PIC24,PIC24FJ128GA106,0x1008,129.0 KB,Unknown,0 B
Others/PIC24,PIC24FJ192GA110,0x1016,196.5 KB,Unknown,0 B
Others/PIC24,PIC24FJ192GA108,0x1012,196.5 KB,Unknown,0 B
Others/PIC24,PIC24FJ192GA106,0x1010,196.5 KB,Unknown,0 B
Others/PIC24,PIC24FJ256GA110,0x101E,256.5 KB,Unknown,0 B
Others/PIC24,PIC24FJ256GA108,0x101A,256.5 KB,Unknown,0 B
Others/PIC24,PIC24FJ256GA106,0x1018,256.5 KB,Unknown,0 B
PIC18/PIC18F,PIC18F1330-ICD,0x1FE0,8.0 KB,Unknown,128 B
PIC18/PIC18F_K_,PIC18LF13K50,0x4700,8.0 KB,512 B,256 B
PIC18/PIC18F_K_,PIC18F13K50,0x4740,8.0 KB,512 B,256 B
Others/dsPIC33,DSPIC33FJ32MC302,0x601,33.0 KB,Unknown,0 B
Others/dsPIC33,DSPIC33FJ32GP304,0x607,33.0 KB,Unknown,0 B
Others/dsPIC33,DSPIC33FJ64GP202,0x615,64.5 KB,Unknown,0 B
Others/dsPIC33,DSPIC33FJ64GP204,0x617,64.5 KB,Unknown,0 B
Others/dsPIC33,DSPIC33FJ64GP802,0x61D,64.5 KB,Unknown,0 B
Others/dsPIC33,DSPIC33FJ64GP804,0x61F,64.5 KB,Unknown,0 B
Others/dsPIC33,DSPIC33FJ128GP202,0x625,129.0 KB,Unknown,0 B
Others/dsPIC33,DSPIC33FJ128GP204,0x627,129.0 KB,Unknown,0 B
Others/dsPIC33,DSPIC33FJ128GP802,0x62D,129.0 KB,Unknown,0 B
Others/dsPIC33,DSPIC33FJ128GP804,0x62F,129.0 KB,Unknown,0 B
Others/dsPIC33,DSPIC33FJ128MC804,0x62B,129.0 KB,Unknown,0 B
Others/dsPIC33,DSPIC33FJ128MC802,0x629,129.0 KB,Unknown,0 B
Others/dsPIC33,DSPIC33FJ128MC202,0x621,129.0 KB,Unknown,0 B
Others/dsPIC33,DSPIC33FJ128MC204,0x623,129.0 KB,Unknown,0 B
Others/dsPIC33,DSPIC33FJ64MC802,0x619,64.5 KB,Unknown,0 B
Others/dsPIC33,DSPIC33FJ64MC804,0x61B,64.5 KB,Unknown,0 B
Others/dsPIC33,DSPIC33FJ64MC202,0x611,64.5 KB,Unknown,0 B
Others/dsPIC33,DSPIC33FJ64MC204,0x613,64.5 KB,Unknown,0 B
Others/dsPIC33,DSPIC33FJ32MC304,0x603,33.0 KB,Unknown,0 B
Others/dsPIC33,DSPIC33FJ32GP302,0x605,33.0 KB,Unknown,0 B
PIC18/PIC18F,PIC18LF6520,0xB30,32.0 KB,2.0 KB,1.0 KB
PIC18/PIC18F,PIC18LF8520,0xB10,32.0 KB,2.0 KB,1.0 KB
Others/PIC24,PIC24HJ32GP302,0x645,33.0 KB,Unknown,0 B
Others/PIC24,PIC24HJ32GP304,0x647,33.0 KB,Unknown,0 B
Others/PIC24,PIC24HJ64GP202,0x655,64.5 KB,Unknown,0 B
Others/PIC24,PIC24HJ64GP204,0x657,64.5 KB,Unknown,0 B
Others/PIC24,PIC24HJ64GP502,0x675,64.5 KB,Unknown,0 B
Others/PIC24,PIC24HJ64GP504,0x677,64.5 KB,Unknown,0 B
Others/PIC24,PIC24HJ128GP202,0x665,129.0 KB,Unknown,0 B
Others/PIC24,PIC24HJ128GP204,0x667,129.0 KB,Unknown,0 B
Others/PIC24,PIC24HJ128GP502,0x67D,129.0 KB,Unknown,0 B
Others/PIC24,PIC24HJ128GP504,0x67F,129.0 KB,Unknown,0 B
PIC32,PIC32MX340F128L,0x92D053,140.0 KB,Unknown,0 B
PIC32,PIC32MX340F128H,0x90D053,140.0 KB,Unknown,0 B
Others/dsPIC33,DSPIC33FJ16GS504,0xC05,16.5 KB,Unknown,0 B
Others/dsPIC33,DSPIC33FJ16GS502,0xC03,16.5 KB,Unknown,0 B
Others/dsPIC33,DSPIC33FJ16GS404,0xC06,16.5 KB,Unknown,0 B
Others/dsPIC33,DSPIC33FJ16GS402,0xC04,16.5 KB,Unknown,0 B
Others/dsPIC33,DSPIC33FJ06GS202,0xC02,6.0 KB,Unknown,0 B
Others/dsPIC33,DSPIC33FJ06GS102,0xC01,6.0 KB,Unknown,0 B
Others/dsPIC33,DSPIC33FJ06GS101,0xC00,6.0 KB,Unknown,0 B
PIC18/PIC18F_J_,PIC18F45J11,0x4E00,32.0 KB,3.7 KB,0 B
PIC18/PIC18F_J_,PIC18LF45J11,0x4EC0,32.0 KB,3.7 KB,0 B
PIC18/PIC18F_J_,PIC18F25J11,0x4DA0,32.0 KB,3.7 KB,0 B
PIC18/PIC18F_J_,PIC18LF25J11,0x4E60,32.0 KB,3.7 KB,0 B
PIC18/PIC18F_J_,PIC18F46J11,0x4E20,64.0 KB,3.7 KB,0 B
PIC18/PIC18F_J_,PIC18F26J11,0x4DC0,64.0 KB,3.7 KB,0 B
PIC18/PIC18F_J_,PIC18LF46J11,0x4EE0,64.0 KB,3.7 KB,0 B
PIC18/PIC18F_J_,PIC18LF26J11,0x4E80,64.0 KB,3.7 KB,0 B
PIC18/PIC18F_J_,PIC18F44J11,0x4DE0,16.0 KB,3.7 KB,0 B
PIC18/PIC18F_J_,PIC18F24J11,0x4D80,16.0 KB,3.7 KB,0 B
PIC18/PIC18F_J_,PIC18LF44J11,0x4EA0,16.0 KB,3.7 KB,0 B
PIC18/PIC18F_J_,PIC18LF24J11,0x4E40,16.0 KB,3.7 KB,0 B
PIC18/PIC18F_J_,PIC18F46J50,0x4CA0,64.0 KB,3.7 KB,0 B
PIC18/PIC18F_J_,PIC18F26J50,0x4C40,64.0 KB,3.7 KB,0 B
PIC18/PIC18F_J_,PIC18LF46J50,0x4D60,64.0 KB,3.7 KB,0 B
PIC18/PIC18F_J_,PIC18LF26J50,0x4D00,64.0 KB,3.7 KB,0 B
PIC18/PIC18F_J_,PIC18F25J50,0x4C20,32.0 KB,3.7 KB,0 B
PIC18/PIC18F_J_,PIC18F45J50,0x4C80,32.0 KB,3.7 KB,0 B
PIC18/PIC18F_J_,PIC18LF45J50,0x4D40,32.0 KB,3.7 KB,0 B
PIC18/PIC18F_J_,PIC18LF25J50,0x4CE0,32.0 KB,3.7 KB,0 B
PIC18/PIC18F_J_,PIC18F44J50,0x4C60,16.0 KB,3.7 KB,0 B
PIC18/PIC18F_J_,PIC18F24J50,0x4C00,16.0 KB,3.7 KB,0 B
PIC18/PIC18F_J_,PIC18LF24J50,0x4CC0,16.0 KB,3.7 KB,0 B
PIC18/PIC18F_J_,PIC18LF44J50,0x4D20,16.0 KB,3.7 KB,0 B
PIC18/PIC18F_K_,PIC18F14K22,0x4F20,16.0 KB,512 B,256 B
PIC18/PIC18F_K_,PIC18LF14K22,0x4F60,16.0 KB,512 B,256 B
PIC18/PIC18F_K_,PIC18F13K22,0x4F40,8.0 KB,256 B,256 B
PIC18/PIC18F_K_,PIC18LF13K22,0x4F80,8.0 KB,256 B,256 B
Midrange/1.8V Min,PIC16F1939,0x11E0,32.0 KB,1.0 KB,512 B
Midrange/1.8V Min,PIC16F1938,0x11C0,32.0 KB,1.0 KB,512 B
Midrange/1.8V Min,PIC16F1937,0x11C0,16.0 KB,512 B,512 B
Midrange/1.8V Min,PIC16F1936,0x11A0,16.0 KB,512 B,512 B
Midrange/1.8V Min,PIC16F1934,0x11A0,8.0 KB,256 B,512 B
Midrange/1.8V Min,PIC16LF723A,0xDA0,8.0 KB,192 B,0 B
Midrange/1.8V Min,PIC16LF1829,0x1460,16.0 KB,1.0 KB,512 B
Midrange/1.8V Min,PIC16LF1934,0x1220,8.0 KB,256 B,512 B
Midrange/1.8V Min,PIC16LF1936,0x1220,16.0 KB,512 B,512 B
Midrange/1.8V Min,PIC16LF1937,0x1240,16.0 KB,512 B,512 B
Midrange/1.8V Min,PIC16LF1938,0x1240,32.0 KB,1.0 KB,512 B
Midrange/1.8V Min,PIC16LF1939,0x1260,32.0 KB,1.0 KB,512 B
PIC18/PIC18F_K_,PIC18LF14K50-ICD,0x4B80,16.0 KB,Unknown,256 B
PIC18/PIC18F_K_,PIC18F23K20,0x20E0,8.0 KB,512 B,256 B
PIC18/PIC18F_K_,PIC18F43K20,0x20C0,8.0 KB,512 B,256 B
PIC32,PIC32MX420F032H,0x942053,44.0 KB,Unknown,0 B
PIC32,PIC32MX440F128H,0x94D053,140.0 KB,Unknown,0 B
PIC32,PIC32MX440F512H,0x956053,524.0 KB,Unknown,0 B
PIC18/PIC18F_J_,PIC18F87J90,0x50A0,128.0 KB,3.8 KB,0 B
PIC18/PIC18F_J_,PIC18F67J90,0x5020,128.0 KB,3.8 KB,0 B
PIC18/PIC18F_J_,PIC18F66J90,0x5000,64.0 KB,3.8 KB,0 B
PIC18/PIC18F_J_,PIC18F86J90,0x5080,64.0 KB,3.8 KB,0 B
Others/PIC24,PIC24F04KA201,0xD00,4.1 KB,Unknown,0 B
Others/PIC24,PIC24F04KA200,0xD02,4.1 KB,Unknown,0 B
Others/PIC24,PIC24F16KA102,0xB03,16.5 KB,Unknown,512 B
Others/PIC24,PIC24F16KA101,0xB01,16.5 KB,Unknown,512 B
Others/PIC24,PIC24F08KA101,0xB08,8.2 KB,Unknown,512 B
Others/PIC24,PIC24F08KA102,0xB0A,8.2 KB,Unknown,512 B
Others/PIC24,PIC24FJ64GA104,0x420E,64.5 KB,Unknown,0 B
Others/PIC24,PIC24FJ64GA102,0x4206,64.5 KB,Unknown,0 B
Others/PIC24,PIC24FJ64GB002,0x4207,64.5 KB,Unknown,0 B
Others/PIC24,PIC24FJ64GB004,0x420F,64.5 KB,Unknown,0 B
Others/PIC24,PIC24FJ32GA102,0x4202,33.0 KB,Unknown,0 B
Others/PIC24,PIC24FJ32GA104,0x420A,33.0 KB,Unknown,0 B
Others/PIC24,PIC24FJ32GB002,0x4203,33.0 KB,Unknown,0 B
Others/PIC24,PIC24FJ32GB004,0x420B,33.0 KB,Unknown,0 B
PIC32,PIC32MX340F512H,0x916053,524.0 KB,Unknown,0 B
Midrange/1.8V Min,PIC16F1826,0x13C0,4.0 KB,256 B,512 B
Midrange/1.8V Min,PIC16F1827,0x13C0,8.0 KB,384 B,512 B
Midrange/1.8V Min,PIC16LF1827,0x1440,8.0 KB,384 B,512 B
Midrange/1.8V Min,PIC16LF1933,0x1200,8.0 KB,256 B,512 B
Midrange/1.8V Min,PIC16F1933,0x1180,8.0 KB,256 B,512 B
Midrange/Standard,PIC12F617,0x9A0,4.0 KB,128 B,0 B
Midrange/1.8V Min,PIC16F707,0xD60,16.0 KB,363 B,0 B
Midrange/1.8V Min,PIC16LF707,0xD60,16.0 KB,363 B,0 B
Midrange/1.8V Min,PIC16LF1826,0x1440,4.0 KB,256 B,512 B
PIC18/PIC18F_K_,PIC18F45K22,0x5500,32.0 KB,1.5 KB,256 B
PIC18/PIC18F_K_,PIC18LF45K22,0x5520,32.0 KB,1.5 KB,256 B
Midrange/1.8V Min,PIC12F1822,0x1380,4.0 KB,128 B,512 B
Midrange/1.8V Min,PIC16F1823,0x1380,4.0 KB,128 B,512 B
Midrange/1.8V Min,PIC12LF1822,0x1400,4.0 KB,128 B,512 B
Midrange/1.8V Min,PIC16LF1823,0x1400,4.0 KB,128 B,512 B
Midrange/1.8V Min,PIC16F1947,0x1280,32.0 KB,1.0 KB,512 B
Midrange/1.8V Min,PIC16LF1947,0x12C0,32.0 KB,1.0 KB,512 B
Midrange/1.8V Min,PIC16F1946,0x1280,16.0 KB,512 B,512 B
Midrange/1.8V Min,PIC16LF1946,0x12C0,16.0 KB,512 B,512 B
PIC18/PIC18F_K_,PIC18LF25K22,0x5560,32.0 KB,1.5 KB,256 B
PIC18/PIC18F_K_,PIC18F25K22,0x5540,32.0 KB,1.5 KB,256 B
PIC18/PIC18F_K_,PIC18F46K22,0x5400,64.0 KB,3.8 KB,1.0 KB
PIC18/PIC18F_K_,PIC18LF46K22,0x5420,64.0 KB,3.8 KB,1.0 KB
PIC18/PIC18F_K_,PIC18F26K22,0x5440,64.0 KB,3.8 KB,1.0 KB
PIC18/PIC18F_K_,PIC18LF26K22,0x5460,64.0 KB,3.8 KB,1.0 KB
PIC18/PIC18F_K_,PIC18F44K22,0x5600,16.0 KB,768 B,256 B
PIC18/PIC18F_K_,PIC18LF44K22,0x5620,16.0 KB,768 B,256 B
PIC18/PIC18F_K_,PIC18F24K22,0x5640,16.0 KB,768 B,256 B
PIC18/PIC18F_K_,PIC18LF24K22,0x5660,16.0 KB,768 B,256 B
PIC18/PIC18F_K_,PIC18F43K22,0x5700,8.0 KB,512 B,256 B
PIC18/PIC18F_K_,PIC18LF43K22,0x5720,8.0 KB,512 B,256 B
PIC18/PIC18F_K_,PIC18F23K22,0x5740,8.0 KB,512 B,256 B
PIC18/PIC18F_K_,PIC18LF23K22,0x5760,8.0 KB,512 B,256 B
Others/dsPIC33,DSPIC33FJ256GP710A,0x7FF,256.5 KB,Unknown,0 B
Others/dsPIC33,DSPIC33FJ256GP510A,0x7F7,256.5 KB,Unknown,0 B
Others/dsPIC33,DSPIC33FJ256GP506A,0x7F5,256.5 KB,Unknown,0 B
Midrange/1.8V Min,PIC16F1824,0x13A0,8.0 KB,256 B,512 B
Midrange/1.8V Min,PIC16F1828,0x13E0,8.0 KB,256 B,512 B
Midrange/1.8V Min,PIC16LF1824,0x1420,8.0 KB,256 B,512 B
Midrange/1.8V Min,PIC16LF1828,0x1460,8.0 KB,256 B,512 B
Midrange/1.8V Min,PIC16F723A,0xD80,8.0 KB,192 B,0 B
Midrange/1.8V Min,PIC16F722A,0xD80,4.0 KB,128 B,0 B
Midrange/1.8V Min,PIC16LF722A,0xDA0,4.0 KB,128 B,0 B
Midrange/1.8V Min,PIC16F721,0xE00,8.0 KB,256 B,0 B
Midrange/1.8V Min,PIC16F720,0xE00,4.0 KB,128 B,0 B
Midrange/1.8V Min,PIC16LF721,0xE20,8.0 KB,256 B,0 B
Midrange/1.8V Min,PIC16LF720,0xE20,4.0 KB,128 B,0 B
Midrange/1.8V Min,PIC16F1829,0x13E0,16.0 KB,1.0 KB,512 B
Midrange/1.8V Min,PIC16F1825,0x13A0,16.0 KB,1.0 KB,512 B
Midrange/1.8V Min,PIC16LF1825,0x1420,16.0 KB,1.0 KB,512 B
Midrange/1.8V Min,PIC12F1840,0xDC0,8.0 KB,256 B,512 B
Midrange/1.8V Min,PIC12LF1840,0xDE0,8.0 KB,256 B,512 B
Midrange/1.8V Min,PIC16F1527,0xAC0,32.0 KB,1.5 KB,0 B
Midrange/1.8V Min,PIC16F1526,0xAC0,16.0 KB,768 B,0 B
Midrange/1.8V Min,PIC16LF1526,0xAE0,16.0 KB,768 B,0 B
Midrange/1.8V Min,PIC16LF1527,0xAE0,32.0 KB,1.5 KB,0 B
Midrange/1.8V Min,PIC16F1519,0xB60,32.0 KB,1.0 KB,0 B
Midrange/1.8V Min,PIC16LF1519,0xBE0,32.0 KB,1.0 KB,0 B
Midrange/1.8V Min,PIC16LF1903,0x1600,8.0 KB,256 B,0 B
Midrange/1.8V Min,PIC16LF1902,0x1600,4.0 KB,128 B,0 B
Midrange/1.8V Min,PIC16LF1904,0x1640,8.0 KB,256 B,0 B
Midrange/1.8V Min,PIC16LF1906,0x1620,16.0 KB,512 B,0 B
Midrange/1.8V Min,PIC16LF1907,0x1620,16.0 KB,512 B,0 B
Midrange/1.8V Min,PIC16F1518,0xB60,32.0 KB,1.0 KB,0 B
Midrange/1.8V Min,PIC16F1512,0xB80,4.0 KB,128 B,0 B
Midrange/1.8V Min,PIC16LF1518,0xBE0,32.0 KB,1.0 KB,0 B
Midrange/1.8V Min,PIC16LF1517,0xBC0,16.0 KB,512 B,0 B
Midrange/1.8V Min,PIC16LF1516,0xBC0,16.0 KB,512 B,0 B
Midrange/1.8V Min,PIC16LF1847,0xA40,16.0 KB,1.0 KB,512 B
Midrange/1.8V Min,PIC16F1847,0xA40,16.0 KB,1.0 KB,512 B
Midrange/1.8V Min,PIC16F1783,0x1500,8.0 KB,512 B,512 B
Midrange/1.8V Min,PIC16LF1783,0x1560,8.0 KB,512 B,512 B
Midrange/Standard,PIC12F752,0xA80,2.0 KB,64 B,0 B
Midrange/Standard,PIC12HV752,0xA80,2.0 KB,64 B,0 B
Midrange/1.8V Min,PIC16F1782,0x1500,4.0 KB,256 B,512 B
PIC18/PIC18F_K90_K80_K22,PIC18F26K80,0x6120,64.0 KB,3.6 KB,1.0 KB
Midrange/1.8V Min,PIC16F1507,0x1680,4.0 KB,128 B,0 B
Midrange/1.8V Min,PIC16LF1507,0x16E0,4.0 KB,128 B,0 B
Midrange/1.8V Min,PIC10F322,0x14C0,1.0 KB,64 B,0 B
Midrange/1.8V Min,PIC10LF322,0x14E0,1.0 KB,64 B,0 B
Midrange/1.8V Min,PIC10F320,0x14C0,512 B,64 B,0 B
Midrange/1.8V Min,PIC10LF320,0x14E0,512 B,64 B,0 B
Midrange/1.8V Min,PIC12F1501,0x1660,2.0 KB,64 B,0 B
Midrange/1.8V Min,PIC12LF1501,0x16C0,2.0 KB,64 B,0 B
Midrange/1.8V Min,PIC16F1509,0x16A0,16.0 KB,512 B,0 B
Midrange/1.8V Min,PIC16LF1509,0x1700,16.0 KB,512 B,0 B
Midrange/1.8V Min,PIC16F1508,0x1680,8.0 KB,256 B,0 B
Midrange/1.8V Min,PIC16LF1508,0x16E0,8.0 KB,256 B,0 B
Midrange/NoDeviceId,PIC16C84,0x1FE0,2.0 KB,36 B,128 B
Midrange/NoDeviceId,PIC16C83,0x1FE0,1.0 KB,Unknown,128 B
Others/dsPIC33,DSPIC33FJ64GS608,0x4005,64.5 KB,Unknown,0 B
Midrange/1.8V Min,PIC16F1503,0x1660,4.0 KB,128 B,0 B
Midrange/1.8V Min,PIC16LF1503,0x16C0,4.0 KB,128 B,0 B
Midrange/1.8v MinII,PIC16F1454,0x1810,16.0 KB,1008 B,0 B
Midrange/1.8v MinII,PIC16F1455,0x1810,16.0 KB,1008 B,0 B
Midrange/1.8v MinII,PIC16F1459,0x1811,16.0 KB,1008 B,0 B
Midrange/1.8v MinII,PIC16LF1455,0x1812,16.0 KB,1008 B,0 B
Midrange/1.8v MinII,PIC16LF1454,0x1812,16.0 KB,1008 B,0 B
Midrange/1.8v MinII,PIC16LF1459,0x1813,16.0 KB,1008 B,0 B
Midrange/1.8V Min,PIC16F1784,0x1520,8.0 KB,512 B,512 B
Midrange/1.8V Min,PIC16F1786,0x1520,16.0 KB,1.0 KB,512 B
Midrange/1.8V Min,PIC16F1787,0x1540,16.0 KB,1.0 KB,512 B
Midrange/1.8V Min,PIC16LF1784,0x1560,8.0 KB,512 B,512 B
Midrange/1.8V Min,PIC16LF1786,0x1580,16.0 KB,1.0 KB,512 B
Midrange/1.8V Min,PIC16LF1787,0x1580,16.0 KB,1.0 KB,512 B
PIC18/PIC18F_K_,PIC18F24K50,0x5C60,16.0 KB,2.0 KB,256 B
PIC18/PIC18F_K_,PIC18LF24K50,0x5CE0,16.0 KB,2.0 KB,256 B
PIC18/PIC18F_K_,PIC18LF45K50,0x5C80,64.0 KB,2.0 KB,256 B
PIC18/PIC18F_K_,PIC18LF25K50,0x5CA0,32.0 KB,2.0 KB,256 B
PIC18/PIC18F_K_,PIC18F45K50,0x5C00,32.0 KB,2.0 KB,256 B
PIC18/PIC18F_K_,PIC18F26K50,0x5D00,64.0 KB,Unknown,1.0 KB
PIC18/PIC18F_K_,PIC18LF26K50,0x5D20,128.0 KB,Unknown,1.0 KB
PIC18/PIC18F_K_,PIC18F46K50,0x5D00,64.0 KB,Unknown,1.0 KB
PIC18/PIC18F_K_,PIC18LF46K50,0x5D40,64.0 KB,Unknown,1.0 KB
PIC18/PIC18F_K90_K80_K22,PIC18F25K80,0x6180,32.0 KB,3.6 KB,1.0 KB
PIC18/PIC18F_K90_K80_K22,PIC18F45K80,0x6160,32.0 KB,3.6 KB,1.0 KB
PIC18/PIC18F_K90_K80_K22,PIC18F65K80,0x6140,32.0 KB,3.6 KB,1.0 KB
PIC18/PIC18F_K90_K80_K22,PIC18F46K80,0x6100,64.0 KB,3.6 KB,1.0 KB
PIC18/PIC18F_K90_K80_K22,PIC18F66K80,0x60E0,64.0 KB,3.6 KB,1.0 KB
PIC18/PIC18F_K90_K80_K22,PIC18LF26K80,0x6200,64.0 KB,3.6 KB,1.0 KB
PIC18/PIC18F_K90_K80_K22,PIC18LF45K80,0x6240,32.0 KB,3.6 KB,1.0 KB
PIC18/PIC18F_K90_K80_K22,PIC18LF65K80,0x6220,32.0 KB,3.6 KB,1.0 KB
PIC18/PIC18F_K90_K80_K22,PIC18LF66K80,0x61C0,64.0 KB,3.6 KB,1.0 KB
PIC18/PIC18F_K90_K80_K22,PIC18LF25K80,0x6260,32.0 KB,3.6 KB,1.0 KB
PIC18/PIC18F_K90_K80_K22,PIC18LF46K80,0x61E0,64.0 KB,3.6 KB,1.0 KB
Midrange/NoDeviceId,PIC16F83,0x1FE0,1.0 KB,36 B,128 B
Midrange/NoDeviceId,PIC16F84,0x1FE0,2.0 KB,68 B,128 B
Midrange/1.8v MinII,PIC16LF1788,0x1816,32.0 KB,2.0 KB,512 B
Others/PIC24,PIC24F08KL200,0x4B05,8.2 KB,Unknown,0 B
Midrange/1.8v MinII,PIC16F1703,0x1830,4.0 KB,256 B,0 B
Midrange/1.8v MinII,PIC16F1716,0x1824,16.0 KB,1.0 KB,0 B
Midrange/1.8v MinII,PIC16F1717,0x182E,16.0 KB,1.0 KB,0 B
Midrange/1.8v MinII,PIC16F1718,0x182D,32.0 KB,2.0 KB,0 B
Midrange/1.8v MinII,PIC16F1719,0x182D,32.0 KB,2.0 KB,0 B
Midrange/1.8V Min,PIC16F1517,0xB40,16.0 KB,512 B,0 B
Midrange/1.8v MinII,PIC16F1713,0x1824,8.0 KB,512 B,0 B
Midrange/1.8v MinII,PIC16LF1707,0x1831,4.0 KB,256 B,0 B
Midrange/1.8v MinII,PIC16F1704,0x1821,8.0 KB,512 B,0 B
Midrange/1.8v MinII,PIC16F1708,0x1821,8.0 KB,512 B,0 B
Midrange/1.8v MinII,PIC16F1705,0x182A,16.0 KB,1.0 KB,0 B
Midrange/1.8v MinII,PIC16F1709,0x182A,16.0 KB,1.0 KB,0 B
Others/PIC24,PIC24F32KA301,0x4518,33.0 KB,Unknown,512 B
Others/PIC24,PIC24FV32KA301,0x4519,33.0 KB,Unknown,512 B
PIC18/PIC18F_J_,PIC18F26J13,0x5920,64.0 KB,3.7 KB,0 B
PIC18/PIC18F_J_,PIC18F26J53,0x5820,64.0 KB,3.7 KB,0 B
PIC18/PIC18F_J_,PIC18F27J13,0x5960,128.0 KB,3.7 KB,0 B
PIC18/PIC18F_J_,PIC18F46J13,0x5BA0,64.0 KB,3.7 KB,0 B
PIC18/PIC18F_J_,PIC18F47J13,0x59E0,128.0 KB,3.7 KB,0 B
PIC18/PIC18F_J_,PIC18F47J53,0x58E0,128.0 KB,3.7 KB,0 B
PIC18/PIC18F_J_,PIC18F46J53,0x58A0,64.0 KB,3.7 KB,0 B
PIC18/PIC18F_J_,PIC18LF26J13,0x5B20,64.0 KB,3.7 KB,0 B
PIC18/PIC18F_J_,PIC18LF26J53,0x5A20,64.0 KB,3.7 KB,0 B
PIC18/PIC18F_J_,PIC18LF27J13,0x5B60,128.0 KB,3.7 KB,0 B
PIC18/PIC18F_J_,PIC18LF27J53,0x5A60,128.0 KB,3.7 KB,0 B
PIC18/PIC18F_J_,PIC18LF46J13,0x5BA0,64.0 KB,3.7 KB,0 B
PIC18/PIC18F_J_,PIC18LF46J53,0x5AA0,64.0 KB,3.7 KB,0 B
PIC18/PIC18F_J_,PIC18LF47J13,0x5BE0,128.0 KB,3.7 KB,0 B
PIC18/PIC18F_J_,PIC18LF47J53,0x5AE0,128.0 KB,3.7 KB,0 B
Midrange/1.8v MinII,PIC12F1571,0x1828,2.0 KB,128 B,0 B
Midrange/1.8v MinII,PIC12LF1571,0x1829,2.0 KB,128 B,0 B
Midrange/1.8v MinII,PIC12F1572,0x1828,4.0 KB,256 B,0 B
Midrange/1.8v MinII,PIC12LF1572,0x1829,4.0 KB,256 B,0 B
Midrange/1.8v MinII,PIC12F1612,0x182C,4.0 KB,256 B,0 B
Midrange/1.8v MinII,PIC12LF1612,0x182C,4.0 KB,256 B,0 B
Midrange/1.8v MinII,PIC16F1613,0x1826,4.0 KB,256 B,0 B
Midrange/1.8v MinII,PIC16LF1613,0x1826,4.0 KB,256 B,0 B
Midrange/1.8v MinII,PIC16F1614,0x183C,8.0 KB,512 B,0 B
Midrange/1.8v MinII,PIC16LF1614,0x183D,8.0 KB,512 B,0 B
Midrange/1.8v MinII,PIC16F1615,0x183E,16.0 KB,1.0 KB,0 B
Midrange/1.8v MinII,PIC16LF1615,0x183F,16.0 KB,1.0 KB,0 B
Midrange/1.8v MinII,PIC16F1618,0x183C,8.0 KB,512 B,0 B
Midrange/1.8v MinII,PIC16LF1618,0x183D,8.0 KB,512 B,0 B
Midrange/1.8v MinII,PIC16F1619,0x183E,16.0 KB,1.0 KB,0 B
Midrange/1.8v MinII,PIC16LF1619,0x183F,16.0 KB,1.0 KB,0 B
Midrange/1.8v MinII,PIC16F1789,0x1815,32.0 KB,2.0 KB,512 B
Midrange/1.8v MinII,PIC16LF1789,0x1816,32.0 KB,2.0 KB,512 B
Midrange/1.8v MinII,PIC16LF1703,0x1831,4.0 KB,256 B,0 B
Midrange/1.8v MinII,PIC16LF1704,0x1822,8.0 KB,512 B,0 B
Midrange/1.8v MinII,PIC16LF1705,0x182B,16.0 KB,1.0 KB,0 B
Midrange/1.8v MinII,PIC16F1707,0x1830,4.0 KB,256 B,0 B
Midrange/1.8V Min,PIC16LF1782,0x1540,4.0 KB,256 B,512 B
Midrange/1.8v MinII,PIC16LF1708,0x1822,8.0 KB,512 B,0 B
Midrange/1.8v MinII,PIC16LF1709,0x182B,16.0 KB,1.0 KB,0 B
Midrange/1.8v MinII,PIC16LF1713,0x1825,8.0 KB,512 B,0 B
Midrange/1.8v MinII,PIC16LF1716,0x1825,16.0 KB,1.0 KB,0 B
Midrange/1.8v MinII,PIC16LF1718,0x182F,32.0 KB,2.0 KB,0 B
Midrange/1.8v MinII,PIC16LF1719,0x182E,32.0 KB,2.0 KB,0 B
Midrange/1.8v MinII,PIC16LF1717,0x182F,16.0 KB,1.0 KB,0 B
Others/PIC24EP,DSPIC33EP256MC206,0x1F63,258.0 KB,Unknown,0 B
PIC32,PIC32MX320F032H,0x902053,44.0 KB,Unknown,0 B
PIC32,PIC32MX210F016B,0x4A01053,19.0 KB,Unknown,0 B
PIC32,PIC32MX220F032B,0x4A00053,35.0 KB,Unknown,0 B
PIC32,PIC32MX230F064B,0x4D01053,67.0 KB,Unknown,0 B
PIC32,PIC32MX250F128B,0x4D00053,131.0 KB,Unknown,0 B
Midrange/1.8V Min,PIC16F1516,0xB40,16.0 KB,512 B,0 B
Midrange/1.8V Min,PIC16LF1512,0xB80,4.0 KB,128 B,0 B
Midrange/1.8V Min,PIC16F1513,0xB20,8.0 KB,256 B,0 B
Midrange/1.8V Min,PIC16LF1513,0xBA0,8.0 KB,256 B,0 B
Midrange/1.8v MinII,PIC16F1574,0x1800,8.0 KB,512 B,0 B
Midrange/1.8v MinII,PIC16LF1574,0x1802,8.0 KB,512 B,0 B
Midrange/1.8v MinII,PIC16F1575,0x1800,16.0 KB,1008 B,0 B
Midrange/1.8v MinII,PIC16LF1575,0x1802,16.0 KB,1008 B,0 B
Midrange/1.8v MinII,PIC16F1578,0x1801,8.0 KB,512 B,0 B
Midrange/1.8v MinII,PIC16LF1578,0x1803,8.0 KB,512 B,0 B
Midrange/1.8v MinII,PIC16F1579,0x1801,16.0 KB,1008 B,0 B
Midrange/1.8v MinII,PIC16LF1579,0x1803,16.0 KB,1008 B,0 B
Midrange/1.8V Min MSB1st,PIC16LF19156,0xC86,32.0 KB,Unknown,512 B
Midrange/1.8v MinII,PIC16F1764,0x1840,8.0 KB,512 B,0 B
Midrange/1.8v MinII,PIC16LF1764,0x1841,8.0 KB,512 B,0 B
Midrange/1.8v MinII,PIC16F1765,0x1840,16.0 KB,960 B,0 B
Midrange/1.8v MinII,PIC16LF1765,0x1841,16.0 KB,960 B,0 B
Midrange/1.8v MinII,PIC16F1768,0x1842,8.0 KB,512 B,0 B
Midrange/1.8v MinII,PIC16LF1768,0x1843,8.0 KB,512 B,0 B
Midrange/1.8v MinII,PIC16F1769,0x1842,16.0 KB,1.0 KB,0 B
Midrange/1.8v MinII,PIC16LF1769,0x1843,16.0 KB,1.0 KB,0 B
Midrange/1.8v SHV Min II,PIC16F753,0x1818,4.0 KB,128 B,0 B
Midrange/1.8v SHV Min II,PIC16HV753,0x1818,4.0 KB,128 B,0 B
Midrange/1.8v MinII,PIC16F1773,0x1845,8.0 KB,512 B,0 B
Midrange/1.8v MinII,PIC16F1776,0x1845,16.0 KB,1.0 KB,0 B
Midrange/1.8v MinII,PIC16LF1773,0x1846,8.0 KB,512 B,0 B
Midrange/1.8v MinII,PIC16LF1776,0x1846,16.0 KB,1.0 KB,0 B
Midrange/1.8v MinII,PIC16F1777,0x1847,16.0 KB,1.0 KB,0 B
Midrange/1.8v MinII,PIC16F1778,0x1847,32.0 KB,2.0 KB,0 B
Midrange/1.8v MinII,PIC16F1779,0x1848,32.0 KB,2.0 KB,0 B
Midrange/1.8v MinII,PIC16LF1777,0x1848,16.0 KB,1.0 KB,0 B
Midrange/1.8v MinII,PIC16LF1778,0x1849,32.0 KB,2.0 KB,0 B
Midrange/1.8v MinII,PIC16LF1779,0x1849,32.0 KB,2.0 KB,0 B
PIC18/PIC18F_K90_K80_K22,PIC18F65K90,0x5240,32.0 KB,2.0 KB,1.0 KB
PIC18/PIC18F MSB1st,PIC18LF55K42,0xB6,32.0 KB,Unknown,512 B
Midrange/1.8V Min MSB1st,PIC16LF18857,0x3706,64.0 KB,4.0 KB,512 B
Midrange/1.8v MinII,PIC16LF18313,0x1834,4.0 KB,256 B,512 B
Midrange/1.8v MinII,PIC16LF18326,0x1853,32.0 KB,2.0 KB,512 B
Midrange/1.8V Min MSB1st,PIC16LF18855,0x3B06,16.0 KB,1.0 KB,512 B
Midrange/1.8V Min MSB1st,PIC16LF18854,0x2B06,8.0 KB,512 B,512 B
PIC18/PIC18F MSB1st,PIC18LF24K42,0x7B6,16.0 KB,Unknown,512 B
Midrange/1.8v MinII,PIC16LF18323,0x1834,4.0 KB,256 B,512 B
Midrange/1.8v MinII,PIC16LF18344,0x181E,8.0 KB,512 B,512 B
Midrange/1.8v MinII,PIC16F18323,0x1833,4.0 KB,256 B,512 B
Midrange/1.8v MinII,PIC16F18313,0x1833,4.0 KB,256 B,512 B
Midrange/1.8v MinII,PIC16LF18324,0x181E,8.0 KB,512 B,512 B
Midrange/1.8v MinII,PIC16LF18325,0x1820,16.0 KB,1.0 KB,512 B
Midrange/1.8v MinII,PIC16F18344,0x181D,8.0 KB,512 B,512 B
Midrange/1.8v MinII,PIC16F18324,0x181D,8.0 KB,512 B,512 B
Midrange/1.8v MinII,PIC16LF18345,0x1820,16.0 KB,1.0 KB,512 B
Midrange/1.8v MinII,PIC16F18325,0x181F,16.0 KB,1.0 KB,512 B
Midrange/1.8v MinII,PIC16F18345,0x181F,16.0 KB,1.0 KB,512 B
Midrange/1.8v MinII,PIC16LF18346,0x1853,32.0 KB,2.0 KB,512 B
Midrange/1.8v MinII,PIC16F18326,0x1852,32.0 KB,2.0 KB,512 B
Midrange/1.8v MinII,PIC16F18346,0x1852,32.0 KB,2.0 KB,512 B
Midrange/1.8V Min MSB1st,PIC16LF18856,0x2706,32.0 KB,2.0 KB,512 B
Midrange/1.8V Min MSB1st,PIC16F18854,0x2B06,8.0 KB,512 B,512 B
Midrange/1.8V Min MSB1st,PIC16F18857,0x1706,64.0 KB,4.0 KB,512 B
Midrange/1.8V Min MSB1st,PIC16LF15313,0x3E86,4.0 KB,Unknown,0 B
Midrange/1.8V Min MSB1st,PIC16LF18876,0x2706,32.0 KB,2.0 KB,512 B
Midrange/1.8V Min MSB1st,PIC16F18856,0x706,32.0 KB,2.0 KB,512 B
Midrange/1.8V Min MSB1st,PIC16LF18877,0x3706,64.0 KB,4.0 KB,512 B
Midrange/1.8V Min MSB1st,PIC16LF18875,0x3B06,16.0 KB,1.0 KB,512 B
Midrange/1.8V Min MSB1st,PIC16LF18445,0x586,16.0 KB,1.0 KB,512 B
Midrange/1.8V Min MSB1st,PIC16F18876,0x706,32.0 KB,2.0 KB,512 B
Midrange/1.8V Min MSB1st,PIC16F18875,0x1B06,16.0 KB,1.0 KB,512 B
Midrange/1.8V Min MSB1st,PIC16F18855,0x1B06,16.0 KB,1.0 KB,512 B
Midrange/1.8V Min MSB1st,PIC16LF15325,0x3186,16.0 KB,1.0 KB,0 B
Midrange/1.8V Min MSB1st,PIC16LF15323,0x186,4.0 KB,Unknown,0 B
Midrange/1.8V Min MSB1st,PIC16F15313,0x3E86,4.0 KB,Unknown,0 B
Midrange/1.8V Min MSB1st,PIC16LF15324,0x2186,8.0 KB,512 B,0 B
Midrange/1.8V Min MSB1st,PIC16F15323,0x186,4.0 KB,Unknown,0 B
Midrange/1.8V Min MSB1st,PIC16LF15344,0x1186,8.0 KB,512 B,0 B
Midrange/1.8V Min MSB1st,PIC16F15324,0x2186,8.0 KB,512 B,0 B
Midrange/1.8V Min MSB1st,PIC16LF15354,0x1A86,8.0 KB,512 B,0 B
Midrange/1.8V Min MSB1st,PIC16LF15355,0x3A86,16.0 KB,1.0 KB,0 B
Midrange/1.8V Min MSB1st,PIC16LF15345,0x986,16.0 KB,1.0 KB,0 B
Midrange/1.8V Min MSB1st,PIC16F15325,0x3186,16.0 KB,1.0 KB,0 B
Midrange/1.8V Min MSB1st,PIC16F15345,0x986,16.0 KB,1.0 KB,0 B
Midrange/1.8V Min MSB1st,PIC16F15344,0x1186,8.0 KB,512 B,0 B
Midrange/1.8V Min MSB1st,PIC16F15354,0x1A86,8.0 KB,512 B,0 B
Midrange/1.8V Min MSB1st,PIC16LF15356,0x686,32.0 KB,2.0 KB,0 B
Midrange/1.8V Min MSB1st,PIC16LF15375,0x2686,16.0 KB,1.0 KB,0 B
Midrange/1.8V Min MSB1st,PIC16LF15376,0x1686,32.0 KB,2.0 KB,0 B
Midrange/1.8V Min MSB1st,PIC16F15355,0x3A86,16.0 KB,1.0 KB,0 B
Midrange/1.8V Min MSB1st,PIC16F15375,0x2686,16.0 KB,1.0 KB,0 B
Midrange/1.8V Min MSB1st,PIC16F15356,0x686,32.0 KB,2.0 KB,0 B
Midrange/1.8V Min MSB1st,PIC16LF15386,0xE86,32.0 KB,2.0 KB,0 B
PIC18/PIC18F_K_,PIC18F25K50,0x5C20,32.0 KB,2.0 KB,256 B
PIC18/PIC18F_J_,PIC18F27J53,0x5860,128.0 KB,3.7 KB,0 B
PIC18/PIC18F MSB1st,PIC18LF25K42,0x3B6,32.0 KB,Unknown,512 B
Midrange/1.8V Min MSB1st,PIC16F18877,0x1706,64.0 KB,4.0 KB,512 B
Midrange/1.8V Min MSB1st,PIC16LF18444,0x3986,8.0 KB,512 B,512 B
Midrange/1.8V Min MSB1st,PIC16LF18446,0x1586,32.0 KB,2.0 KB,512 B
Midrange/1.8V Min MSB1st,PIC16LF18424,0x2986,8.0 KB,512 B,512 B
Midrange/1.8V Min MSB1st,PIC16F18455,0x3586,16.0 KB,1.0 KB,512 B
Midrange/1.8V Min MSB1st,PIC16LF18456,0x2D86,32.0 KB,2.0 KB,512 B
Midrange/1.8V Min MSB1st,PIC16LF18425,0x1986,16.0 KB,1.0 KB,512 B
Midrange/1.8V Min MSB1st,PIC16LF18426,0x2586,32.0 KB,2.0 KB,512 B
Midrange/1.8V Min MSB1st,PIC16F18424,0x2986,8.0 KB,512 B,512 B
Midrange/1.8V Min MSB1st,PIC16F18425,0x1986,16.0 KB,1.0 KB,512 B
Midrange/1.8V Min MSB1st,PIC16F18426,0x2586,32.0 KB,2.0 KB,512 B
Midrange/1.8V Min MSB1st,PIC16F18444,0x3986,8.0 KB,512 B,512 B
Midrange/1.8V Min MSB1st,PIC16F18445,0x586,16.0 KB,1.0 KB,512 B
Midrange/1.8V Min MSB1st,PIC16F18446,0x1586,32.0 KB,2.0 KB,512 B
Midrange/1.8V Min MSB1st,PIC16LF18455,0xD86,16.0 KB,1.0 KB,512 B
Midrange/1.8V Min MSB1st,PIC16F18456,0xD86,32.0 KB,2.0 KB,512 B
PIC18/PIC18F MSB1st,PIC18F24K42,0x536,16.0 KB,Unknown,512 B
PIC18/PIC18F MSB1st,PIC18F25K42,0x136,32.0 KB,Unknown,512 B
PIC18/PIC18F MSB1st,PIC18LF56K42,0x736,64.0 KB,Unknown,2.0 KB
PIC18/PIC18F MSB1st,PIC18LF57K42,0x336,128.0 KB,Unknown,2.0 KB
PIC18/PIC18F MSB1st,PIC18LF26K42,0x5B6,64.0 KB,Unknown,2.0 KB
PIC18/PIC18F MSB1st,PIC18LF27K42,0x1B6,128.0 KB,Unknown,2.0 KB
PIC18/PIC18F MSB1st,PIC18LF45K42,0x6B6,32.0 KB,Unknown,512 B
PIC18/PIC18F MSB1st,PIC18LF46K42,0x2B6,64.0 KB,Unknown,2.0 KB
PIC18/PIC18F MSB1st,PIC18LF47K42,0x4B6,128.0 KB,Unknown,2.0 KB
PIC18/PIC18F MSB1st,PIC18LF25K83,0x4F6,32.0 KB,Unknown,2.0 KB
PIC18/PIC18F MSB1st,PIC18LF47K40,0x796,128.0 KB,3.6 KB,2.0 KB
PIC18/PIC18F MSB1st,PIC18F45K42,0x436,32.0 KB,Unknown,512 B
PIC18/PIC18F MSB1st,PIC18F46K42,0x36,64.0 KB,Unknown,2.0 KB
PIC18/PIC18F MSB1st,PIC18F47K42,0x7D6,128.0 KB,Unknown,2.0 KB
PIC18/PIC18F MSB1st,PIC18F55K42,0x3D6,32.0 KB,Unknown,512 B
PIC18/PIC18F MSB1st,PIC18F56K42,0x5D6,64.0 KB,Unknown,2.0 KB
PIC18/PIC18F MSB1st,PIC18F57K42,0x1D6,128.0 KB,Unknown,2.0 KB
PIC18/PIC18F MSB1st,PIC18F27K42,0x236,128.0 KB,Unknown,2.0 KB
PIC18/PIC18F MSB1st,PIC18LF65K40,0x6D6,32.0 KB,2.0 KB,2.0 KB
PIC18/PIC18F MSB1st,PIC18LF27K40,0x256,128.0 KB,3.6 KB,2.0 KB
PIC18/PIC18F MSB1st,PIC18LF67K40,0x4D6,128.0 KB,3.5 KB,2.0 KB
PIC18/PIC18F MSB1st,PIC18LF66K40,0x2D6,64.0 KB,3.5 KB,2.0 KB
PIC18/PIC18F MSB1st,PIC18F65K40,0xD6,32.0 KB,2.0 KB,2.0 KB
PIC18/PIC18F MSB1st,PIC18F66K40,0x756,64.0 KB,3.5 KB,2.0 KB
PIC18/PIC18F MSB1st,PIC18F67K40,0x356,128.0 KB,3.5 KB,2.0 KB
Midrange/1.8V Min MSB1st,PIC16F19156,0xC86,32.0 KB,Unknown,512 B
Midrange/1.8V Min MSB1st,PIC16LF19155,0x3486,16.0 KB,Unknown,512 B
Midrange/1.8V Min MSB1st,PIC16LF19175,0x2C86,16.0 KB,Unknown,512 B
Midrange/1.8V Min MSB1st,PIC16LF19185,0x2E86,16.0 KB,Unknown,512 B
Midrange/1.8V Min MSB1st,PIC16LF19176,0x1C86,32.0 KB,Unknown,512 B
Midrange/1.8V Min MSB1st,PIC16F19175,0x2C86,16.0 KB,Unknown,512 B
Midrange/1.8V Min MSB1st,PIC16F19176,0x1C86,32.0 KB,Unknown,512 B
Midrange/1.8V Min MSB1st,PIC16LF19197,0x2286,64.0 KB,4.0 KB,512 B
Midrange/1.8V Min MSB1st,PIC16F19195,0x3C86,16.0 KB,1.0 KB,512 B
Midrange/1.8V Min MSB1st,PIC16F19155,0x3486,16.0 KB,Unknown,512 B
Midrange/1.8V Min MSB1st,PIC16F19197,0x2286,64.0 KB,4.0 KB,512 B
Midrange/1.8v MinII,PIC16F1788,0x1815,32.0 KB,2.0 KB,512 B
Midrange/1.8V Min MSB1st,PIC16LF15385,0x3686,16.0 KB,1.0 KB,0 B
Midrange/1.8V Min MSB1st,PIC16F15385,0x3686,16.0 KB,1.0 KB,0 B
Midrange/1.8V Min MSB1st,PIC16F15386,0xE86,32.0 KB,2.0 KB,0 B
Midrange/1.8V Min MSB1st,PIC16F15376,0x1686,32.0 KB,2.0 KB,0 B
PIC18/PIC18F MSB1st,PIC18LF24K40,0x556,16.0 KB,1.0 KB,512 B
PIC18/PIC18F MSB1st,PIC18F47K40,0x96,128.0 KB,3.6 KB,2.0 KB
PIC18/PIC18F MSB1st,PIC18F27K40,0x696,128.0 KB,3.6 KB,2.0 KB
PIC18/PIC18F MSB1st,PIC18LF25K40,0x156,32.0 KB,2.0 KB,512 B
PIC18/PIC18F MSB1st,PIC18F24Q10,0x38E,16.0 KB,1.0 KB,512 B
PIC18/PIC18F MSB1st,PIC18LF45K40,0x456,32.0 KB,2.0 KB,512 B
PIC18/PIC18F MSB1st,PIC18LF26K40,0x656,64.0 KB,3.6 KB,2.0 KB
PIC18/PIC18F MSB1st,PIC18F45K40,0x296,32.0 KB,2.0 KB,512 B
PIC18/PIC18F MSB1st,PIC18F25K40,0x596,32.0 KB,2.0 KB,512 B
PIC18/PIC18F MSB1st,PIC18LF46K40,0x56,64.0 KB,3.6 KB,2.0 KB
PIC18/PIC18F MSB1st,PIC18F26K40,0x196,64.0 KB,3.6 KB,2.0 KB
PIC18/PIC18F MSB1st,PIC18F46K40,0x496,64.0 KB,3.6 KB,2.0 KB
PIC18/PIC18F MSB1st,PIC18F26K42,0x636,64.0 KB,Unknown,2.0 KB
PIC18/PIC18F MSB1st,PIC18LF26K83,0xF6,64.0 KB,Unknown,2.0 KB
PIC18/PIC18F MSB1st,PIC18F26K83,0x376,64.0 KB,Unknown,2.0 KB
PIC18/PIC18F MSB1st,PIC18F25K83,0x776,32.0 KB,Unknown,2.0 KB
Midrange/Standard,PIC12F629,0x7C0,2.0 KB,64 B,256 B
Midrange/Standard,PIC12LF1552,0x15E0,4.0 KB,256 B,0 B
Midrange/1.8v MinII,PIC16LF1567,0x1823,16.0 KB,1.0 KB,0 B
Midrange/1.8V Min,PIC16LF1554,0x1780,8.0 KB,256 B,0 B
Midrange/1.8V Min,PIC16LF1559,0x1780,16.0 KB,512 B,0 B
Midrange/1.8v MinII,PIC16LF1566,0x1823,16.0 KB,1.0 KB,0 B
Midrange/1.8V Min MSB1st,PIC16LF19195,0x3C86,16.0 KB,1.0 KB,512 B
Midrange/1.8V Min MSB1st,PIC16LF19186,0x1E86,32.0 KB,Unknown,512 B
Midrange/1.8V Min MSB1st,PIC16LF19196,0x286,32.0 KB,2.0 KB,512 B
Midrange/1.8V Min MSB1st,PIC16F19185,0x2E86,16.0 KB,Unknown,512 B
Midrange/1.8V Min MSB1st,PIC16F19186,0x1E86,32.0 KB,Unknown,512 B
Midrange/1.8V Min MSB1st,PIC16F19196,0x286,32.0 KB,2.0 KB,512 B
PIC18/PIC18F MSB1st,PIC18F24K40,0x396,16.0 KB,1.0 KB,512 B
PIC18/PIC18F MSB1st,PIC18F25Q10,0x58E,32.0 KB,2.0 KB,512 B
PIC18/PIC18F MSB1st,PIC18F47Q10,0x70E,128.0 KB,Unknown,2.0 KB
PIC18/PIC18F MSB1st,PIC18F26Q10,0x18E,64.0 KB,3.3 KB,2.0 KB
PIC18/PIC18F MSB1st,PIC18F27Q10,0x8E,128.0 KB,Unknown,2.0 KB
PIC18/PIC18F MSB1st,PIC18F45Q10,0x28E,32.0 KB,2.0 KB,512 B
PIC18/PIC18F MSB1st,PIC18F46Q10,0x48E,64.0 KB,3.3 KB,2.0 KB
PIC18/PIC18F_K90_K80_K22,PIC18F87K22,0x51C0,128.0 KB,3.8 KB,1.0 KB
PIC18/PIC18F_K90_K80_K22,PIC18F66K22,0x52C0,64.0 KB,3.8 KB,1.0 KB
PIC18/PIC18F_K90_K80_K22,PIC18F65K22,0x5300,32.0 KB,2.0 KB,1.0 KB
PIC18/PIC18F_K90_K80_K22,PIC18F85K22,0x5360,32.0 KB,2.0 KB,1.0 KB
PIC18/PIC18F_K90_K80_K22,PIC18F86K22,0x5320,64.0 KB,3.8 KB,1.0 KB
PIC18/PIC18F_K90_K80_K22,PIC18F67K22,0x5180,128.0 KB,3.8 KB,1.0 KB
PIC18/PIC18F_K90_K80_K22,PIC18F67K90,0x5100,128.0 KB,3.7 KB,1.0 KB
PIC18/PIC18F_K90_K80_K22,PIC18F85K90,0x52A0,32.0 KB,2.0 KB,1.0 KB
PIC18/PIC18F_K90_K80_K22,PIC18F86K90,0x5260,64.0 KB,3.7 KB,1.0 KB
PIC18/PIC18F_K90_K80_K22,PIC18F87K90,0x5140,128.0 KB,3.7 KB,1.0 KB
PIC18/PIC18F_K90_K80_K22,PIC18F66K90,0x5200,64.0 KB,3.7 KB,1.0 KB
PIC18/PIC18F MSB1st,PIC18F25Q43,0x3CE,32.0 KB,Unknown,2.0 KB
Others/PIC24,PIC24F08KL402,0x4B04,8.2 KB,Unknown,512 B
Others/PIC24,PIC24F16KL401,0x4B1E,16.5 KB,Unknown,512 B
Others/PIC24,PIC24F08KL401,0x4B0E,8.2 KB,Unknown,512 B
Others/PIC24,PIC24F08KL302,0x4B00,8.2 KB,Unknown,256 B
Others/PIC24,PIC24F08KL301,0x4B0A,8.2 KB,Unknown,256 B
Others/PIC24,PIC24F04KL100,0x4B01,4.1 KB,Unknown,0 B
Others/PIC24,PIC24F16KL402,0x4B14,16.5 KB,Unknown,512 B
Others/PIC24,PIC24F08KL201,0x4B06,8.2 KB,Unknown,0 B
Others/PIC24,PIC24F04KL101,0x4B02,4.1 KB,Unknown,0 B
PIC18/PIC18F MSB1st,PIC18F27Q43,0x12E,128.0 KB,Unknown,2.0 KB
PIC18/PIC18F MSB1st,PIC18F46Q43,0x22E,64.0 KB,Unknown,2.0 KB
PIC18/PIC18F MSB1st,PIC18F56Q43,0x62E,64.0 KB,Unknown,2.0 KB
PIC18/PIC18F MSB1st,PIC18F47Q43,0x52E,128.0 KB,Unknown,2.0 KB
PIC18/PIC18F MSB1st,PIC18F57Q43,0x32E,128.0 KB,Unknown,2.0 KB
PIC18/PIC18F MSB1st,PIC18F26Q43,0x42E,64.0 KB,Unknown,2.0 KB
PIC18/PIC18F MSB1st,PIC18F45Q43,0x7CE,32.0 KB,Unknown,2.0 KB
PIC18/PIC18F MSB1st,PIC18F55Q43,0x2E,32.0 KB,Unknown,2.0 KB
Midrange/1.8V Min MSB1st,PIC16F15256,0x2B86,32.0 KB,Unknown,0 B
Midrange/1.8V Min MSB1st,PIC16F15276,0x1B86,32.0 KB,Unknown,0 B
Midrange/1.8V Min MSB1st,PIC16F15275,0x1B86,16.0 KB,Unknown,0 B
Midrange/1.8V Min MSB1st,PIC16F15255,0x3B86,16.0 KB,Unknown,0 B
Midrange/1.8V Min MSB1st,PIC16F15245,0x2B86,16.0 KB,Unknown,0 B
Midrange/1.8V Min MSB1st,PIC16F15225,0xB86,16.0 KB,Unknown,0 B
Midrange/1.8V Min MSB1st,PIC16F15274,0x3B86,8.0 KB,Unknown,0 B
Midrange/1.8V Min MSB1st,PIC16F15254,0x786,8.0 KB,Unknown,0 B
Midrange/1.8V Min MSB1st,PIC16F15244,0xB86,8.0 KB,Unknown,0 B
Midrange/1.8V Min MSB1st,PIC16F15224,0x3386,8.0 KB,Unknown,0 B
Midrange/1.8V Min MSB1st,PIC16F15214,0x3386,8.0 KB,Unknown,0 B
Midrange/1.8V Min MSB1st,PIC16F15243,0x1386,4.0 KB,Unknown,0 B
Midrange/1.8V Min MSB1st,PIC16F15223,0x1386,4.0 KB,Unknown,0 B
Midrange/1.8V Min MSB1st,PIC16F15213,0x2386,4.0 KB,Unknown,0 B
PIC18/PIC18F MSB1st,PIC18F16Q41,0x6AE,64.0 KB,Unknown,1.0 KB
PIC18/PIC18F MSB1st,PIC18F06Q41,0x1AE,64.0 KB,Unknown,1.0 KB
PIC18/PIC18F MSB1st,PIC18F15Q41,0x72E,32.0 KB,Unknown,1.0 KB
PIC18/PIC18F MSB1st,PIC18F05Q41,0xAE,32.0 KB,Unknown,1.0 KB
PIC18/PIC18F MSB1st,PIC18F14Q41,0x4AE,16.0 KB,Unknown,1.0 KB
PIC18/PIC18F MSB1st,PIC18F04Q41,0x2AE,16.0 KB,Unknown,1.0 KB
PIC18/PIC18F MSB1st,PIC18F16Q40,0x5AE,64.0 KB,Unknown,1.0 KB
PIC18/PIC18F MSB1st,PIC18F15Q40,0x7AE,32.0 KB,Unknown,1.0 KB
PIC18/PIC18F MSB1st,PIC18F14Q40,0x46E,16.0 KB,Unknown,1.0 KB
PIC18/PIC18F MSB1st,PIC18F06Q40,0x3AE,64.0 KB,Unknown,1.0 KB
PIC18/PIC18F MSB1st,PIC18F05Q40,0x6E,32.0 KB,Unknown,1.0 KB
PIC18/PIC18F MSB1st,PIC18F04Q40,0x26E,16.0 KB,Unknown,1.0 KB
PIC18/PIC18F MSB1st,PIC18F27Q83,0x9099,128.0 KB,Unknown,2.0 KB
PIC18/PIC18F MSB1st,PIC18F27Q84,0xC099,128.0 KB,Unknown,2.0 KB
PIC18/PIC18F MSB1st,PIC18F47Q83,0x5099,128.0 KB,Unknown,2.0 KB
PIC18/PIC18F MSB1st,PIC18F47Q84,0x2099,128.0 KB,Unknown,2.0 KB
PIC18/PIC18F MSB1st,PIC18F57Q83,0xD099,128.0 KB,Unknown,2.0 KB
PIC18/PIC18F MSB1st,PIC18F57Q84,0xA099,128.0 KB,Unknown,2.0 KB
PIC18/PIC18F MSB1st,PIC18F26Q83,0x60C5,64.0 KB,Unknown,2.0 KB
PIC18/PIC18F MSB1st,PIC18F26Q84,0xC5,64.0 KB,Unknown,2.0 KB
PIC18/PIC18F MSB1st,PIC18F46Q83,0xE0C5,64.0 KB,Unknown,2.0 KB
PIC18/PIC18F MSB1st,PIC18F46Q84,0x80C5,64.0 KB,Unknown,2.0 KB
PIC18/PIC18F MSB1st,PIC18F56Q83,0x10C5,64.0 KB,Unknown,2.0 KB
PIC18/PIC18F MSB1st,PIC18F56Q84,0x40C5,64.0 KB,Unknown,2.0 KB
PIC18/PIC18F_J_,PIC18F66J93,0x5040,64.0 KB,3.8 KB,0 B
PIC18/PIC18F_J_,PIC18F67J93,0x5060,128.0 KB,3.8 KB,0 B
PIC18/PIC18F_J_,PIC18F86J93,0x50C0,64.0 KB,3.8 KB,0 B
PIC18/PIC18F_J_,PIC18F87J93,0x50E0,128.0 KB,3.8 KB,0 B
PIC18/PIC18F_J_,PIC18F86J72,0x5040,64.0 KB,3.8 KB,0 B
PIC18/PIC18F_J_,PIC18F87J72,0x5060,128.0 KB,3.8 KB,0 B
PIC18/PIC18F_J_,PIC18F97J94,0x62A0,128.0 KB,3.5 KB,0 B
PIC18/PIC18F_J_,PIC18F87J94,0x6320,128.0 KB,3.5 KB,0 B
PIC18/PIC18F_J_,PIC18F67J94,0x63A0,128.0 KB,3.5 KB,0 B
PIC18/PIC18F_J_,PIC18F96J94,0x62E0,64.0 KB,3.5 KB,0 B
PIC18/PIC18F_J_,PIC18F86J94,0x6360,64.0 KB,3.5 KB,0 B
PIC18/PIC18F_J_,PIC18F66J94,0x63E0,64.0 KB,3.5 KB,0 B
PIC18/PIC18F_J_,PIC18F95J94,0x6300,32.0 KB,3.5 KB,0 B
PIC18/PIC18F_J_,PIC18F85J94,0x6380,32.0 KB,3.5 KB,0 B
PIC18/PIC18F_J_,PIC18F65J94,0x6400,32.0 KB,3.5 KB,0 B
PIC32,PIC32MX170F256B,0x6610053,259.0 KB,Unknown,0 B
PIC32,PIC32MX110F016B,0x4A07053,19.0 KB,Unknown,0 B
PIC32,PIC32MX110F016C,0x4A09053,19.0 KB,Unknown,0 B
PIC32,PIC32MX110F016D,0x4A0B053,19.0 KB,Unknown,0 B
PIC32,PIC32MX210F016C,0x4A03053,19.0 KB,Unknown,0 B
PIC32,PIC32MX210F016D,0x4A05053,19.0 KB,Unknown,0 B
PIC32,PIC32MX120F032B,0x4A06053,35.0 KB,Unknown,0 B
PIC32,PIC32MX120F032C,0x4A08053,35.0 KB,Unknown,0 B
PIC32,PIC32MX120F032D,0x4A0A053,35.0 KB,Unknown,0 B
PIC32,PIC32MX220F032C,0x4A02053,35.0 KB,Unknown,0 B
PIC32,PIC32MX220F032D,0x4A04053,35.0 KB,Unknown,0 B
PIC32,PIC32MX130F064B,0x4D07053,67.0 KB,Unknown,0 B
PIC32,PIC32MX130F064C,0x4D09053,67.0 KB,Unknown,0 B
PIC32,PIC32MX130F064D,0x4D0B053,67.0 KB,Unknown,0 B
PIC32,PIC32MX230F064C,0x4D03053,67.0 KB,Unknown,0 B
PIC32,PIC32MX230F064D,0x4D05053,67.0 KB,Unknown,0 B
PIC32,PIC32MX150F128C,0x4D08053,131.0 KB,Unknown,0 B
PIC32,PIC32MX150F128D,0x4D0A053,131.0 KB,Unknown,0 B
PIC32,PIC32MX250F128C,0x4D02053,131.0 KB,Unknown,0 B
PIC32,PIC32MX250F128D,0x4D04053,131.0 KB,Unknown,0 B
PIC32,PIC32MX170F256D,0x661A053,259.0 KB,Unknown,0 B
PIC32,PIC32MX270F256B,0x6600053,259.0 KB,Unknown,0 B
PIC32,PIC32MX270F256D,0x660A053,259.0 KB,Unknown,0 B
PIC32,PIC32MX270F256DB,0x660C053,259.0 KB,Unknown,0 B
PIC32,PIC32MX130F256B,0x6703053,259.0 KB,Unknown,0 B
PIC32,PIC32MX130F256D,0x6705053,259.0 KB,Unknown,0 B
PIC32,PIC32MX230F256B,0x6700053,259.0 KB,Unknown,0 B
PIC32,PIC32MX230F256D,0x6702053,259.0 KB,Unknown,0 B
Midrange/1.8V Min MSB1st,PIC16F18075,0x3F86,16.0 KB,Unknown,256 B
Midrange/1.8V Min MSB1st,PIC16F18076,0x46,32.0 KB,Unknown,512 B
Midrange/1.8V Min MSB1st,PIC16F18074,0x1F86,8.0 KB,Unknown,256 B
Midrange/1.8V Min MSB1st,PIC16F18055,0x1F86,16.0 KB,Unknown,256 B
Midrange/1.8V Min MSB1st,PIC16F18046,0x2F86,32.0 KB,Unknown,512 B
Midrange/1.8V Min MSB1st,PIC16F18056,0x3F86,32.0 KB,Unknown,512 B
Midrange/1.8V Min MSB1st,PIC16F18026,0xF86,32.0 KB,Unknown,512 B
Midrange/1.8V Min MSB1st,PIC16F18054,0x2F86,8.0 KB,Unknown,256 B
Midrange/1.8V Min MSB1st,PIC16F18045,0xF86,16.0 KB,Unknown,256 B
Midrange/1.8V Min MSB1st,PIC16F18044,0x3786,8.0 KB,Unknown,256 B
Midrange/1.8V Min MSB1st,PIC16F18025,0x3786,16.0 KB,Unknown,256 B
Midrange/1.8V Min MSB1st,PIC16F18024,0x1786,8.0 KB,Unknown,256 B
Midrange/1.8V Min MSB1st,PIC16F18023,0x2786,4.0 KB,Unknown,256 B
Midrange/1.8V Min MSB1st,PIC16F18015,0x1786,16.0 KB,Unknown,256 B
Midrange/1.8V Min MSB1st,PIC16F18014,0x2786,8.0 KB,Unknown,256 B
Midrange/1.8V Min MSB1st,PIC16F18013,0x786,4.0 KB,Unknown,256 B
Others/PIC24,PIC24FV32KA302,0x4513,33.0 KB,Unknown,512 B
Midrange/1.8V Min MSB1st,PIC16F17126,0x386,32.0 KB,Unknown,512 B
PIC32,PIC32MX470F512H,0x580A053,524.0 KB,Unknown,0 B
PIC32,PIC32MX470F512L,0x580B053,524.0 KB,Unknown,0 B
PIC32,PIC32MX470F512LB,0x5811053,524.0 KB,Unknown,0 B
PIC32,PIC32MX450F256LB,0x5710053,268.0 KB,Unknown,0 B
PIC32,PIC32MX450F128L,0x570F053,140.0 KB,Unknown,0 B
PIC32,PIC32MX450F128H,0x570E053,140.0 KB,Unknown,0 B
PIC32,PIC32MX450F256L,0x5707053,268.0 KB,Unknown,0 B
PIC32,PIC32MX450F256H,0x5706053,268.0 KB,Unknown,0 B
PIC32,PIC32MX430F064L,0x5603053,76.0 KB,Unknown,0 B
PIC32,PIC32MX430F064H,0x5602053,76.0 KB,Unknown,0 B
PIC32,PIC32MX370F512L,0x5809053,524.0 KB,Unknown,0 B
PIC32,PIC32MX370F512H,0x5808053,524.0 KB,Unknown,0 B
PIC32,PIC32MX350F128L,0x570D053,140.0 KB,Unknown,0 B
PIC32,PIC32MX350F128H,0x570C053,140.0 KB,Unknown,0 B
PIC32,PIC32MX350F256L,0x5705053,268.0 KB,Unknown,0 B
PIC32,PIC32MX350F256H,0x5704053,268.0 KB,Unknown,0 B
PIC32,PIC32MX330F064L,0x5601053,76.0 KB,Unknown,0 B
PIC32,PIC32MX330F064H,0x5600053,76.0 KB,Unknown,0 B
PIC32,PIC32MX795F512L,0x4307053,524.0 KB,Unknown,0 B
PIC32,PIC32MX795F512H,0x430E053,524.0 KB,Unknown,0 B
PIC32,PIC32MX775F512L,0x4307053,524.0 KB,Unknown,0 B
PIC32,PIC32MX775F512H,0x430D053,524.0 KB,Unknown,0 B
PIC32,PIC32MX775F256L,0x4312053,268.0 KB,Unknown,0 B
PIC32,PIC32MX775F256H,0x4303053,268.0 KB,Unknown,0 B
PIC32,PIC32MX764F128L,0x4417053,140.0 KB,Unknown,0 B
PIC32,PIC32MX764F128H,0x440B053,140.0 KB,Unknown,0 B
PIC32,PIC32MX695F512L,0x4341053,524.0 KB,Unknown,0 B
PIC32,PIC32MX695F512H,0x4325053,524.0 KB,Unknown,0 B
PIC32,PIC32MX675F512L,0x4311053,524.0 KB,Unknown,0 B
PIC32,PIC32MX675F512H,0x430C053,524.0 KB,Unknown,0 B
PIC32,PIC32MX675F256L,0x4305053,268.0 KB,Unknown,0 B
PIC32,PIC32MX675F256H,0x430B053,268.0 KB,Unknown,0 B
PIC32,PIC32MX664F128L,0x4413053,140.0 KB,Unknown,0 B
PIC32,PIC32MX664F128H,0x4407053,140.0 KB,Unknown,0 B
PIC32,PIC32MX664F064L,0x4411053,76.0 KB,Unknown,0 B
PIC32,PIC32MX664F064H,0x4405053,76.0 KB,Unknown,0 B
PIC32,PIC32MX575F512L,0x430F053,524.0 KB,Unknown,0 B
PIC32,PIC32MX575F512H,0x4309053,524.0 KB,Unknown,0 B
PIC32,PIC32MX575F256L,0x4333053,268.0 KB,Unknown,0 B
PIC32,PIC32MX575F256H,0x4317053,268.0 KB,Unknown,0 B
PIC32,PIC32MX564F128L,0x440F053,140.0 KB,Unknown,0 B
PIC32,PIC32MX564F128H,0x4403053,140.0 KB,Unknown,0 B
PIC32,PIC32MX564F064L,0x440D053,76.0 KB,Unknown,0 B
PIC32,PIC32MX564F064H,0x4401053,76.0 KB,Unknown,0 B
PIC32,PIC32MX534F064L,0x440C053,76.0 KB,Unknown,0 B
PIC32,PIC32MX534F064H,0x4400053,76.0 KB,Unknown,0 B
PIC32,PIC32MX570F512L,0x6A35053,515.0 KB,Unknown,0 B
PIC32,PIC32MX570F512H,0x6A34053,515.0 KB,Unknown,0 B
PIC32,PIC32MX550F256L,0x6A15053,259.0 KB,Unknown,0 B
PIC32,PIC32MX550F256H,0x6A14053,259.0 KB,Unknown,0 B
PIC32,PIC32MX530F128L,0x6A05053,131.0 KB,Unknown,0 B
PIC32,PIC32MX530F128H,0x6A04053,131.0 KB,Unknown,0 B
PIC32,PIC32MX270F512L,0x6A33053,515.0 KB,Unknown,0 B
PIC32,PIC32MX270F512H,0x6A32053,515.0 KB,Unknown,0 B
PIC32,PIC32MX250F256L,0x6A13053,259.0 KB,Unknown,0 B
PIC32,PIC32MX250F256H,0x6A12053,259.0 KB,Unknown,0 B
PIC32,PIC32MX230F128L,0x6A03053,131.0 KB,Unknown,0 B
PIC32,PIC32MX230F128H,0x6A02053,131.0 KB,Unknown,0 B
PIC32,PIC32MX170F512L,0x6A31053,515.0 KB,Unknown,0 B
PIC32,PIC32MX170F512H,0x6A30053,515.0 KB,Unknown,0 B
PIC32,PIC32MX150F256L,0x6A11053,259.0 KB,Unknown,0 B
PIC32,PIC32MX150F256H,0x6A10053,259.0 KB,Unknown,0 B
PIC32,PIC32MX130F128L,0x6A01053,131.0 KB,Unknown,0 B
PIC32,PIC32MX130F128H,0x6A00053,131.0 KB,Unknown,0 B
PIC32,PIC32MX120F064H,0x6A50053,67.0 KB,Unknown,0 B
PIC32,PIC32MX274F256D,0x7807053,268.0 KB,Unknown,0 B
PIC32,PIC32MX274F256B,0x7803053,268.0 KB,Unknown,0 B
PIC32,PIC32MX254F128D,0x7806053,140.0 KB,Unknown,0 B
PIC32,PIC32MX254F128B,0x7802053,140.0 KB,Unknown,0 B
PIC32,PIC32MX174F256D,0x7805053,268.0 KB,Unknown,0 B
PIC32,PIC32MX174F256B,0x7801053,268.0 KB,Unknown,0 B
PIC32,PIC32MX154F128D,0x7804053,140.0 KB,Unknown,0 B
PIC32,PIC32MX154F128B,0x7800053,140.0 KB,Unknown,0 B
Midrange/1.8V Min MSB1st,PIC16F17146,0x386,32.0 KB,Unknown,512 B
Midrange/1.8V Min MSB1st,PIC16F17114,0x2D86,8.0 KB,Unknown,256 B
Midrange/1.8V Min MSB1st,PIC16F17115,0x2386,16.0 KB,Unknown,256 B
Midrange/1.8V Min MSB1st,PIC16F17124,0x1D86,8.0 KB,Unknown,256 B
Midrange/1.8V Min MSB1st,PIC16F17125,0x3D86,16.0 KB,Unknown,256 B
Midrange/1.8V Min MSB1st,PIC16F17144,0x1D86,8.0 KB,Unknown,256 B
Midrange/1.8V Min MSB1st,PIC16F17145,0x3D86,16.0 KB,Unknown,256 B
Midrange/1.8V Min MSB1st,PIC16F17154,0x46,8.0 KB,Unknown,256 B
Midrange/1.8V Min MSB1st,PIC16F17155,0x2046,16.0 KB,Unknown,256 B
Midrange/1.8V Min MSB1st,PIC16F17156,0x1046,32.0 KB,Unknown,512 B
Midrange/1.8V Min MSB1st,PIC16F17174,0x2046,8.0 KB,Unknown,256 B
Midrange/1.8V Min MSB1st,PIC16F17175,0x1046,16.0 KB,Unknown,256 B
Midrange/1.8V Min MSB1st,PIC16F17176,0x3046,32.0 KB,Unknown,512 B
Midrange/1.8V Min MSB1st,PIC16F18114,0x3046,8.0 KB,Unknown,256 B
Midrange/1.8V Min MSB1st,PIC16F18146,0x2446,32.0 KB,Unknown,512 B
Midrange/1.8V Min MSB1st,PIC16F18126,0x446,32.0 KB,Unknown,512 B
Midrange/1.8V Min MSB1st,PIC16F18115,0x1846,16.0 KB,Unknown,256 B
Midrange/1.8V Min MSB1st,PIC16F18124,0x846,8.0 KB,Unknown,256 B
Midrange/1.8V Min MSB1st,PIC16F18125,0x1846,16.0 KB,Unknown,256 B
Midrange/1.8V Min MSB1st,PIC16F18144,0x846,8.0 KB,Unknown,256 B
Midrange/1.8V Min MSB1st,PIC16F18145,0x3846,16.0 KB,Unknown,256 B
Midrange/1.8V Min MSB1st,PIC16F18154,0x2846,8.0 KB,Unknown,256 B
Midrange/1.8V Min MSB1st,PIC16F18155,0x3846,16.0 KB,Unknown,256 B
Midrange/1.8V Min MSB1st,PIC16F18156,0x2446,32.0 KB,Unknown,512 B
Midrange/1.8V Min MSB1st,PIC16F18174,0x2846,8.0 KB,Unknown,256 B
Midrange/1.8V Min MSB1st,PIC16F18175,0x446,16.0 KB,Unknown,256 B
Midrange/1.8V Min MSB1st,PIC16F18176,0x1446,32.0 KB,Unknown,512 B
Others/PIC24,PIC24FV16KM202,0x551B,16.5 KB,Unknown,512 B
Others/PIC24,PIC24FV32KA304,0x4517,33.0 KB,Unknown,512 B
Others/PIC24,PIC24FV16KA304,0x4507,16.5 KB,Unknown,512 B
Others/PIC24,PIC24FV16KA302,0x4503,16.5 KB,Unknown,512 B
Others/PIC24,PIC24FV16KA301,0x4509,16.5 KB,Unknown,512 B
Others/PIC24,PIC24F32KA302,0x4512,33.0 KB,Unknown,512 B
Others/PIC24,PIC24F32KA304,0x4516,33.0 KB,Unknown,512 B
Others/PIC24,PIC24F16KA301,0x4508,16.5 KB,Unknown,512 B
Others/PIC24,PIC24F16KA302,0x4502,16.5 KB,Unknown,512 B
Others/PIC24,PIC24F16KA304,0x4506,16.5 KB,Unknown,512 B
Others/PIC24,PIC24FV16KM204,0x551F,16.5 KB,Unknown,512 B
Others/PIC24,PIC24FV16KM104,0x550F,16.5 KB,Unknown,512 B
Others/PIC24,PIC24FV16KM102,0x550B,16.5 KB,Unknown,512 B
Others/PIC24,PIC24FV08KM204,0x5517,8.2 KB,Unknown,512 B
Others/PIC24,PIC24FV08KM202,0x5513,8.2 KB,Unknown,512 B
Others/PIC24,PIC24FV08KM102,0x5503,8.2 KB,Unknown,512 B
Others/PIC24,PIC24FV08KM101,0x5501,8.2 KB,Unknown,512 B
Others/PIC24,PIC24F16KM204,0x551E,16.5 KB,Unknown,512 B
Others/PIC24,PIC24F16KM202,0x551A,16.5 KB,Unknown,512 B
Others/PIC24,PIC24F16KM104,0x550E,16.5 KB,Unknown,512 B
Others/PIC24,PIC24F16KM102,0x550A,16.5 KB,Unknown,512 B
Others/PIC24,PIC24F08KM204,0x5516,8.2 KB,Unknown,512 B
Others/PIC24,PIC24F08KM202,0x5512,8.2 KB,Unknown,512 B
Others/PIC24,PIC24F08KM102,0x5502,8.2 KB,Unknown,512 B
Others/PIC24,PIC24F08KM101,0x5500,8.2 KB,Unknown,512 B
Others/PIC24,PIC24FJ64GA106,0x1000,64.5 KB,Unknown,0 B
Others/PIC24,PIC24FJ64GA108,0x1002,64.5 KB,Unknown,0 B
Others/PIC24,PIC24FJ64GA110,0x1006,64.5 KB,Unknown,0 B
Others/dsPIC30,DSPIC30F6010,0x188,144.0 KB,Unknown,4.0 KB
Others/dsPIC30,DSPIC30F6011,0x192,132.0 KB,Unknown,2.0 KB
Others/dsPIC30,DSPIC30F6012,0x193,144.0 KB,Unknown,4.0 KB
Others/dsPIC30,DSPIC30F6013,0x197,132.0 KB,Unknown,2.0 KB
Others/dsPIC30,DSPIC30F6014,0x198,144.0 KB,Unknown,4.0 KB
Others/dsPIC33,DSPIC33FJ256MC510A,0x7B7,256.5 KB,Unknown,0 B
Others/dsPIC33,DSPIC33FJ256MC710A,0x7BF,256.5 KB,Unknown,0 B
PIC18/PIC18F MSB1st,PIC18F26Q71,0x76E,64.0 KB,Unknown,512 B
PIC18/PIC18F MSB1st,PIC18F46Q71,0x4EE,64.0 KB,Unknown,512 B
PIC18/PIC18F MSB1st,PIC18F56Q71,0x6EE,64.0 KB,Unknown,512 B
PIC18/PIC18F MSB1st,PIC18F25Q71,0x56E,32.0 KB,Unknown,512 B
PIC18/PIC18F MSB1st,PIC18F45Q71,0x7EE,32.0 KB,Unknown,512 B
PIC18/PIC18F MSB1st,PIC18F55Q71,0x61E,32.0 KB,Unknown,512 B
PIC18/PIC18F MSB1st,PIC18F24Q71,0x66E,16.0 KB,Unknown,512 B
PIC18/PIC18F MSB1st,PIC18F44Q71,0x5EE,16.0 KB,Unknown,512 B
PIC18/PIC18F MSB1st,PIC18F54Q71,0x41E,16.0 KB,Unknown,512 B
EEPROMS/SPIFLASH,S25FL064P,0x160201,8.0 MB,Unknown,0 B
EEPROMS/SPIFLASH,W25Q128JV,0x1840EF,16.0 MB,Unknown,0 B
EEPROMS/SPIFLASH,MX25L8005,0x1420C2,1.0 MB,Unknown,0 B
EEPROMS/SPIFLASH,GD25Q64C,0x1740C8,8.0 MB,Unknown,0 B
EEPROMS/SPIFLASH,W25Q16CV,0x1540EF,2.0 MB,Unknown,0 B
EEPROMS/SPIFLASH,W25Q32FV,0x1640EF,4.0 MB,Unknown,0 B
EEPROMS/SPIFLASH,W25Q64FV,0x1740EF,8.0 MB,Unknown,0 B
EEPROMS/SPIFLASH,W25X16,0x1530EF,2.0 MB,Unknown,0 B
EEPROMS/SPIFLASH,W25X32,0x1630EF,4.0 MB,Unknown,0 B
EEPROMS/SPIFLASH,W25X40,0x1330EF,512.0 KB,Unknown,0 B
Others/PIC24r2,PIC24FJ128DA106,0x4109,129.0 KB,Unknown,0 B
Others/PIC24r2,PIC24FJ256DA106,0x410D,256.5 KB,Unknown,0 B
Others/PIC24r2,PIC24FJ128DA110,0x410B,129.0 KB,Unknown,0 B
Others/PIC24r2,PIC24FJ256DA110,0x410F,256.5 KB,Unknown,0 B
Others/PIC24r2,PIC24FJ128DA206,0x4108,129.0 KB,Unknown,0 B
Others/PIC24r2,PIC24FJ256DA206,0x410C,256.5 KB,Unknown,0 B
Others/PIC24r2,PIC24FJ128DA210,0x410A,129.0 KB,Unknown,0 B
Others/PIC24r2,PIC24FJ256DA210,0x410E,256.5 KB,Unknown,0 B
Others/PIC24r2,PIC24FJ64GA306,0x46C0,64.5 KB,Unknown,0 B
Others/PIC24r2,PIC24FJ64GA308,0x46C4,64.5 KB,Unknown,0 B
Others/PIC24r2,PIC24FJ64GA310,0x46C8,64.5 KB,Unknown,0 B
Others/PIC24r2,PIC24FJ128GA306,0x46C2,129.0 KB,Unknown,0 B
Others/PIC24r2,PIC24FJ128GA308,0x46C6,129.0 KB,Unknown,0 B
Others/PIC24r2,PIC24FJ128GA310,0x46CA,129.0 KB,Unknown,0 B
Others/PIC24r2,PIC24FJ128GB206,0x4100,129.0 KB,Unknown,0 B
Others/PIC24r2,PIC24FJ256GB206,0x4104,256.5 KB,Unknown,0 B
Others/PIC24r2,PIC24FJ128GB210,0x4102,129.0 KB,Unknown,0 B
Others/PIC24r2,PIC24FJ256GB210,0x4106,256.5 KB,Unknown,0 B
Others/PIC24r2,PIC24FJ64GC006,0x4888,64.5 KB,Unknown,0 B
Others/PIC24r2,PIC24FJ64GC008,0x488A,64.5 KB,Unknown,0 B
Others/PIC24r2,PIC24FJ64GC010,0x4884,64.5 KB,Unknown,0 B
Others/PIC24r2,PIC24FJ128GC006,0x4889,129.0 KB,Unknown,0 B
Others/PIC24r2,PIC24FJ128GC008,0x488B,129.0 KB,Unknown,0 B
Others/PIC24r2,PIC24FJ128GC010,0x4885,129.0 KB,Unknown,0 B
PIC18/PIC18F MSB1st,PIC18F16Q20,0x25E,64.0 KB,Unknown,512 B
PIC18/PIC18F MSB1st,PIC18F06Q20,0x65E,64.0 KB,Unknown,512 B
PIC18/PIC18F MSB1st,PIC18F15Q20,0x15E,32.0 KB,Unknown,512 B
PIC18/PIC18F MSB1st,PIC18F05Q20,0x55E,32.0 KB,Unknown,512 B
PIC18/PIC18F MSB1st,PIC18F14Q20,0x35E,16.0 KB,Unknown,512 B
PIC18/PIC18F MSB1st,PIC18F04Q20,0x75E,16.0 KB,Unknown,512 B
EEPROMS/SPIFLASH,MX25L12845E,0x1820C2,16.0 MB,Unknown,0 B
EEPROMS/SPIFLASH,M25P32_ST,0x162020,4.0 MB,Unknown,0 B
Others/PIC24EP,PIC24EP512GP202,0x1799,513.0 KB,Unknown,0 B
Others/PIC24r2,PIC24FJ128GA204,0x4C53,129.0 KB,Unknown,0 B
Others/PIC24r2,PIC24FJ128GA202,0x4C52,129.0 KB,Unknown,0 B
Others/PIC24r2,PIC24FJ64GA202,0x4C50,64.5 KB,Unknown,0 B
Others/PIC24r2,PIC24FJ64GA204,0x4C51,64.5 KB,Unknown,0 B
Others/PIC24r2,PIC24FJ128GB204,0x4C5B,129.0 KB,Unknown,0 B
Others/PIC24r2,PIC24FJ128GB202,0x4C5A,129.0 KB,Unknown,0 B
Others/PIC24r2,PIC24FJ64GB204,0x4C59,64.5 KB,Unknown,0 B
Others/PIC24r2,PIC24FJ64GB202,0x4C58,64.5 KB,Unknown,0 B
PIC18/PIC18F MSB1st,PIC18F26Q24,0x71E,64.0 KB,Unknown,1.0 KB
PIC18/PIC18F MSB1st,PIC18F46Q24,0x9E,64.0 KB,Unknown,1.0 KB
PIC18/PIC18F MSB1st,PIC18F56Q24,0x49E,64.0 KB,Unknown,1.0 KB
PIC18/PIC18F MSB1st,PIC18F25Q24,0x31E,32.0 KB,Unknown,1.0 KB
PIC18/PIC18F MSB1st,PIC18F45Q24,0x29E,32.0 KB,Unknown,1.0 KB
PIC18/PIC18F MSB1st,PIC18F55Q24,0x69E,32.0 KB,Unknown,1.0 KB
PIC18/PIC18F MSB1st,PIC18F24Q24,0x51E,16.0 KB,Unknown,1.0 KB
Others/PIC24EP,PIC24EP32GP202,0x1C19,33.0 KB,Unknown,0 B
Others/PIC24EP,PIC24EP32GP203,0x1C1A,33.0 KB,Unknown,0 B
Others/PIC24EP,PIC24EP32GP204,0x1C18,33.0 KB,Unknown,0 B
Others/PIC24EP,DSPIC33EP32GP502,0x1C0D,33.0 KB,Unknown,0 B
Others/PIC24EP,DSPIC33EP32GP503,0x1C0E,33.0 KB,Unknown,0 B
Others/PIC24EP,DSPIC33EP32GP504,0x1C0C,33.0 KB,Unknown,0 B
Others/PIC24EP,PIC24EP32MC202,0x1C11,33.0 KB,Unknown,0 B
Others/PIC24EP,PIC24EP32MC203,0x1C12,33.0 KB,Unknown,0 B
Others/PIC24EP,PIC24EP32MC204,0x1C10,33.0 KB,Unknown,0 B
Others/PIC24EP,DSPIC33EP32MC202,0x1C01,33.0 KB,Unknown,0 B
Others/PIC24EP,DSPIC33EP32MC203,0x1C02,33.0 KB,Unknown,0 B
Others/PIC24EP,DSPIC33EP32MC204,0x1C00,33.0 KB,Unknown,0 B
Others/PIC24EP,DSPIC33EP32MC502,0x1C05,33.0 KB,Unknown,0 B
Others/PIC24EP,DSPIC33EP32MC503,0x1C06,33.0 KB,Unknown,0 B
Others/PIC24EP,DSPIC33EP32MC504,0x1C04,33.0 KB,Unknown,0 B
Others/PIC24EP,PIC24EP64GP202,0x1D39,66.0 KB,Unknown,0 B
Others/PIC24EP,PIC24EP64GP203,0x1D3A,66.0 KB,Unknown,0 B
Others/PIC24EP,PIC24EP64GP204,0x1D38,66.0 KB,Unknown,0 B
Others/PIC24EP,PIC24EP64GP206,0x1D3B,66.0 KB,Unknown,0 B
Others/PIC24EP,DSPIC33EP64GP502,0x1D2D,66.0 KB,Unknown,0 B
Others/PIC24EP,DSPIC33EP64GP503,0x1D2E,66.0 KB,Unknown,0 B
Others/PIC24EP,DSPIC33EP64GP504,0x1D2C,66.0 KB,Unknown,0 B
Others/PIC24EP,DSPIC33EP64GP506,0x1D2F,66.0 KB,Unknown,0 B
Others/PIC24EP,PIC24EP64MC202,0x1D31,66.0 KB,Unknown,0 B
Others/PIC24EP,PIC24EP64MC203,0x1D32,66.0 KB,Unknown,0 B
Others/PIC24EP,PIC24EP64MC204,0x1D30,66.0 KB,Unknown,0 B
Others/PIC24EP,PIC24EP64MC206,0x1D33,66.0 KB,Unknown,0 B
Others/PIC24EP,DSPIC33EP64MC202,0x1D21,66.0 KB,Unknown,0 B
Others/PIC24EP,DSPIC33EP64MC203,0x1D22,66.0 KB,Unknown,0 B
Others/PIC24EP,DSPIC33EP64MC204,0x1D20,66.0 KB,Unknown,0 B
Others/PIC24EP,DSPIC33EP64MC206,0x1D23,66.0 KB,Unknown,0 B
Others/PIC24EP,DSPIC33EP64MC502,0x1D25,66.0 KB,Unknown,0 B
Others/PIC24EP,DSPIC33EP64MC503,0x1D26,66.0 KB,Unknown,0 B
Others/PIC24EP,DSPIC33EP64MC504,0x1D24,66.0 KB,Unknown,0 B
Others/PIC24EP,DSPIC33EP64MC506,0x1D27,66.0 KB,Unknown,0 B
Others/PIC24EP,PIC24EP128GP202,0x1E59,129.0 KB,Unknown,0 B
Others/PIC24EP,PIC24EP128GP204,0x1E58,129.0 KB,Unknown,0 B
Others/PIC24EP,PIC24EP128GP206,0x1E5B,129.0 KB,Unknown,0 B
Others/PIC24EP,DSPIC33EP128GP502,0x1E4D,129.0 KB,Unknown,0 B
Others/PIC24EP,DSPIC33EP128GP504,0x1E4C,129.0 KB,Unknown,0 B
Others/PIC24EP,DSPIC33EP128GP506,0x1E4F,129.0 KB,Unknown,0 B
Others/PIC24EP,PIC24EP128MC202,0x1E51,129.0 KB,Unknown,0 B
Others/PIC24EP,PIC24EP128MC204,0x1E50,129.0 KB,Unknown,0 B
Others/PIC24EP,PIC24EP128MC206,0x1E53,129.0 KB,Unknown,0 B
Others/PIC24EP,DSPIC33EP128MC202,0x1E41,129.0 KB,Unknown,0 B
Others/PIC24EP,DSPIC33EP128MC204,0x1E40,129.0 KB,Unknown,0 B
Others/PIC24EP,DSPIC33EP128MC206,0x1E43,129.0 KB,Unknown,0 B
Others/PIC24EP,DSPIC33EP128MC502,0x1E45,129.0 KB,Unknown,0 B
Others/PIC24EP,DSPIC33EP128MC504,0x1E44,129.0 KB,Unknown,0 B
Others/PIC24EP,DSPIC33EP128MC506,0x1E47,129.0 KB,Unknown,0 B
Others/PIC24EP,PIC24EP256GP202,0x1F79,258.0 KB,Unknown,0 B
Others/PIC24EP,PIC24EP256GP204,0x1F78,258.0 KB,Unknown,0 B
Others/PIC24EP,PIC24EP256GP206,0x1F7B,258.0 KB,Unknown,0 B
Others/PIC24EP,DSPIC33EP256GP502,0x1F6D,258.0 KB,Unknown,0 B
Others/PIC24EP,DSPIC33EP256GP504,0x1F6C,258.0 KB,Unknown,0 B
Others/PIC24EP,DSPIC33EP256GP506,0x1F6F,258.0 KB,Unknown,0 B
Others/PIC24EP,PIC24EP256MC202,0x1F71,258.0 KB,Unknown,0 B
Others/PIC24EP,PIC24EP256MC204,0x1F70,258.0 KB,Unknown,0 B
Others/PIC24EP,PIC24EP256MC206,0x1F73,258.0 KB,Unknown,0 B
Others/PIC24EP,DSPIC33EP256MC202,0x1F61,258.0 KB,Unknown,0 B
Others/PIC24EP,DSPIC33EP256MC204,0x1F60,258.0 KB,Unknown,0 B
Others/PIC24EP,DSPIC33EP256MC502,0x1F65,258.0 KB,Unknown,0 B
Others/PIC24EP,DSPIC33EP256MC504,0x1F64,258.0 KB,Unknown,0 B
Others/PIC24EP,DSPIC33EP256MC506,0x1F67,258.0 KB,Unknown,0 B
Others/PIC24EP,PIC24EP512GP204,0x1798,513.0 KB,Unknown,0 B
Others/PIC24EP,PIC24EP512GP206,0x179B,513.0 KB,Unknown,0 B
Others/PIC24EP,DSPIC33EP512GP502,0x178D,513.0 KB,Unknown,0 B
Others/PIC24EP,DSPIC33EP512GP504,0x178C,513.0 KB,Unknown,0 B
Others/PIC24EP,DSPIC33EP512GP506,0x178F,513.0 KB,Unknown,0 B
Others/PIC24EP,PIC24EP512MC202,0x1791,513.0 KB,Unknown,0 B
Others/PIC24EP,PIC24EP512MC204,0x1790,513.0 KB,Unknown,0 B
Others/PIC24EP,PIC24EP512MC206,0x1793,513.0 KB,Unknown,0 B
Others/PIC24EP,DSPIC33EP512MC202,0x1781,513.0 KB,Unknown,0 B
Others/PIC24EP,DSPIC33EP512MC204,0x1780,513.0 KB,Unknown,0 B
Others/PIC24EP,DSPIC33EP512MC206,0x1783,513.0 KB,Unknown,0 B
Others/PIC24EP,DSPIC33EP512MC502,0x1785,513.0 KB,Unknown,0 B
Others/PIC24EP,DSPIC33EP512MC504,0x1784,513.0 KB,Unknown,0 B
Others/PIC24EP,DSPIC33EP512MC506,0x1787,513.0 KB,Unknown,0 B
Others/PIC24r2,PIC24FJ256GA702,0x750E,258.0 KB,Unknown,0 B
Others/PIC24r2,PIC24FJ256GA704,0x750D,258.0 KB,Unknown,0 B
Others/PIC24r2,PIC24FJ256GA705,0x750F,258.0 KB,Unknown,0 B
Others/PIC24r2,PIC24FJ128GA702,0x750A,132.0 KB,Unknown,0 B
Others/PIC24r2,PIC24FJ128GA704,0x7509,132.0 KB,Unknown,0 B
Others/PIC24r2,PIC24FJ128GA705,0x750B,132.0 KB,Unknown,0 B
Others/PIC24r2,PIC24FJ64GA702,0x7506,66.0 KB,Unknown,0 B
Others/PIC24r2,PIC24FJ64GA704,0x7505,66.0 KB,Unknown,0 B
Others/PIC24r2,PIC24FJ64GA705,0x7507,66.0 KB,Unknown,0 B
Midrange/1.8V Min MSB1st,PIC16F13115,0x3246,16.0 KB,Unknown,0 B
Others/PIC24r2,PIC24FJ128GL306,0x220E,132.0 KB,Unknown,0 B
Others/PIC24r2,PIC24FJ128GL305,0x220C,132.0 KB,Unknown,0 B
Others/PIC24r2,PIC24FJ128GL303,0x220A,132.0 KB,Unknown,0 B
Others/PIC24r2,PIC24FJ128GL302,0x2208,132.0 KB,Unknown,0 B
Others/PIC24r2,PIC24FJ64GL306,0x2206,66.0 KB,Unknown,0 B
Others/PIC24r2,PIC24FJ64GL305,0x2204,66.0 KB,Unknown,0 B
Others/PIC24r2,PIC24FJ64GL303,0x2202,66.0 KB,Unknown,0 B
Others/PIC24r2,PIC24FJ64GL302,0x2200,66.0 KB,Unknown,0 B
Midrange/1.8V Min MSB1st,PIC16F13145,0xA46,16.0 KB,Unknown,0 B
Midrange/1.8V Min MSB1st,PIC16F13125,0xA46,16.0 KB,Unknown,0 B
Midrange/1.8V Min MSB1st,PIC16F13114,0x1246,8.0 KB,Unknown,0 B
Midrange/1.8V Min MSB1st,PIC16F13143,0x2246,4.0 KB,Unknown,0 B
Midrange/1.8V Min MSB1st,PIC16F13124,0x1246,8.0 KB,Unknown,0 B
Midrange/1.8V Min MSB1st,PIC16F13144,0x3246,8.0 KB,Unknown,0 B
Midrange/1.8V Min MSB1st,PIC16F13113,0x246,4.0 KB,Unknown,0 B
Midrange/1.8V Min MSB1st,PIC16F13123,0x2246,4.0 KB,Unknown,0 B
EEPROMS/SPIFLASH,MX25L4005,0x1320C2,512.0 KB,Unknown,0 B
Others/dsPIC33EV,DSPIC33EV32GM002,0x5D01,33.0 KB,Unknown,0 B
Others/PIC24r2,PIC24FJ1024GB606,0x601C,1.0 MB,Unknown,0 B
Others/dsPIC33EV,DSPIC33EV32GM102,0x5D09,33.0 KB,Unknown,0 B
Others/dsPIC33EV,DSPIC33EV32GM003,0x5D02,33.0 KB,Unknown,0 B
Others/dsPIC33EV,DSPIC33EV32GM103,0x5D0A,33.0 KB,Unknown,0 B
Others/dsPIC33EV,DSPIC33EV32GM004,0x5D00,33.0 KB,Unknown,0 B
Others/dsPIC33EV,DSPIC33EV32GM104,0x5D08,33.0 KB,Unknown,0 B
Others/dsPIC33EV,DSPIC33EV32GM006,0x5D03,33.0 KB,Unknown,0 B
Others/dsPIC33EV,DSPIC33EV32GM106,0x5D0B,33.0 KB,Unknown,0 B
Others/dsPIC33EV,DSPIC33EV64GM002,0x5D11,64.5 KB,Unknown,0 B
Others/dsPIC33EV,DSPIC33EV64GM102,0x5D19,64.5 KB,Unknown,0 B
Others/dsPIC33EV,DSPIC33EV64GM003,0x5D12,64.5 KB,Unknown,0 B
Others/dsPIC33EV,DSPIC33EV64GM103,0x5D1A,64.5 KB,Unknown,0 B
Others/dsPIC33EV,DSPIC33EV64GM004,0x5D10,64.5 KB,Unknown,0 B
Others/dsPIC33EV,DSPIC33EV64GM104,0x5D18,64.5 KB,Unknown,0 B
Others/dsPIC33EV,DSPIC33EV64GM006,0x5D13,64.5 KB,Unknown,0 B
Others/dsPIC33EV,DSPIC33EV64GM106,0x5D1B,64.5 KB,Unknown,0 B
Others/dsPIC33EV,DSPIC33EV128GM002,0x5D21,129.0 KB,Unknown,0 B
Others/dsPIC33EV,DSPIC33EV128GM102,0x5D29,129.0 KB,Unknown,0 B
Others/dsPIC33EV,DSPIC33EV128GM003,0x5D22,129.0 KB,Unknown,0 B
Others/dsPIC33EV,DSPIC33EV128GM103,0x5D2A,129.0 KB,Unknown,0 B
Others/dsPIC33EV,DSPIC33EV128GM004,0x5D20,129.0 KB,Unknown,0 B
Others/dsPIC33EV,DSPIC33EV128GM104,0x5D28,129.0 KB,Unknown,0 B
Others/dsPIC33EV,DSPIC33EV128GM006,0x5D23,129.0 KB,Unknown,0 B
Others/dsPIC33EV,DSPIC33EV128GM106,0x5D2B,129.0 KB,Unknown,0 B
Others/dsPIC33EV,DSPIC33EV256GM002,0x5D31,256.5 KB,Unknown,0 B
Others/dsPIC33EV,DSPIC33EV256GM102,0x5D39,256.5 KB,Unknown,0 B
Others/dsPIC33EV,DSPIC33EV256GM003,0x5D32,256.5 KB,Unknown,0 B
Others/dsPIC33EV,DSPIC33EV256GM103,0x5D3A,256.5 KB,Unknown,0 B
Others/dsPIC33EV,DSPIC33EV256GM004,0x5D30,256.5 KB,Unknown,0 B
Others/dsPIC33EV,DSPIC33EV256GM104,0x5D38,256.5 KB,Unknown,0 B
Others/dsPIC33EV,DSPIC33EV256GM006,0x5D33,256.5 KB,Unknown,0 B
Others/dsPIC33EV,DSPIC33EV256GM106,0x5D3B,256.5 KB,Unknown,0 B
Others/PIC24r2,PIC24FJ1024GA606,0x6018,1.0 MB,Unknown,0 B
Others/PIC24r2,PIC24FJ1024GA610,0x6019,1.0 MB,Unknown,0 B
Others/PIC24r2,PIC24FJ1024GB610,0x601D,1.0 MB,Unknown,0 B
Others/PIC24r2,PIC24FJ512GA606,0x6010,516.0 KB,Unknown,0 B
Others/PIC24r2,PIC24FJ512GA610,0x6011,516.0 KB,Unknown,0 B
Others/PIC24r2,PIC24FJ512GB606,0x6014,516.0 KB,Unknown,0 B
Others/PIC24r2,PIC24FJ512GB610,0x6015,516.0 KB,Unknown,0 B
Others/PIC24r2,PIC24FJ256GA606,0x6008,258.0 KB,Unknown,0 B
Others/PIC24r2,PIC24FJ256GA610,0x6009,258.0 KB,Unknown,0 B
Others/PIC24r2,PIC24FJ256GB606,0x600C,258.0 KB,Unknown,0 B
Others/PIC24r2,PIC24FJ256GB610,0x600D,258.0 KB,Unknown,0 B
Others/PIC24r2,PIC24FJ128GA606,0x6000,132.0 KB,Unknown,0 B
Others/PIC24r2,PIC24FJ128GA610,0x6001,132.0 KB,Unknown,0 B
Others/PIC24r2,PIC24FJ128GB606,0x6004,132.0 KB,Unknown,0 B
Others/PIC24r2,PIC24FJ128GB610,0x6005,132.0 KB,Unknown,0 B
EEPROMS/SPIFLASH,SST26VF032B,0x4226BF,4.0 MB,Unknown,0 B
Others/dsPIC33CK,DSPIC33CK256MC502,0xA250,264.0 KB,Unknown,0 B
Others/dsPIC33CK,DSPIC33CK256MC503,0xA251,264.0 KB,Unknown,0 B
Others/dsPIC33CK,DSPIC33CK256MC505,0xA252,264.0 KB,Unknown,0 B
Others/dsPIC33CK,DSPIC33CK256MC506,0xA253,264.0 KB,Unknown,0 B
Others/dsPIC33CK,DSPIC33CK256MC102,0xA210,264.0 KB,Unknown,0 B
Others/dsPIC33CK,DSPIC33CK256MC103,0xA211,264.0 KB,Unknown,0 B
Others/dsPIC33CK,DSPIC33CK256MC105,0xA212,264.0 KB,Unknown,0 B
Others/dsPIC33CK,DSPIC33CK256MC106,0xA213,264.0 KB,Unknown,0 B
Others/dsPIC33CK,DSPIC33CK128MC102,0xA200,132.0 KB,Unknown,0 B
Others/dsPIC33CK,DSPIC33CK128MC103,0xA201,132.0 KB,Unknown,0 B
Others/dsPIC33CK,DSPIC33CK128MC105,0xA202,132.0 KB,Unknown,0 B
Others/dsPIC33CK,DSPIC33CK128MC106,0xA203,132.0 KB,Unknown,0 B
Others/dsPIC33CK,DSPIC33CK128MC502,0xA240,132.0 KB,Unknown,0 B
Others/dsPIC33CK,DSPIC33CK128MC503,0xA241,132.0 KB,Unknown,0 B
Others/dsPIC33CK,DSPIC33CK128MC505,0xA242,132.0 KB,Unknown,0 B
Others/dsPIC33CK,DSPIC33CK128MC506,0xA243,132.0 KB,Unknown,0 B
Others/PIC24r2,PIC24FJ512GU406,0x2325,516.0 KB,Unknown,0 B
Others/PIC24r2,PIC24FJ512GU405,0x2321,516.0 KB,Unknown,0 B
Others/PIC24r2,PIC24FJ512GU408,0x2329,516.0 KB,Unknown,0 B
Others/PIC24r2,PIC24FJ512GU410,0x232D,516.0 KB,Unknown,0 B
Others/PIC24r2,PIC24FJ256GU405,0x2311,258.0 KB,Unknown,0 B
Others/PIC24r2,PIC24FJ256GU406,0x2315,258.0 KB,Unknown,0 B
Others/PIC24r2,PIC24FJ256GU408,0x2319,258.0 KB,Unknown,0 B
Others/PIC24r2,PIC24FJ256GU410,0x231D,258.0 KB,Unknown,0 B
Others/PIC24r2,PIC24FJ128GU405,0x2301,132.0 KB,Unknown,0 B
Others/PIC24r2,PIC24FJ128GU406,0x2305,132.0 KB,Unknown,0 B
Others/PIC24r2,PIC24FJ128GU408,0x2309,132.0 KB,Unknown,0 B
Others/PIC24r2,PIC24FJ128GU410,0x230D,132.0 KB,Unknown,0 B
Others/PIC24r2,PIC24FJ128GL405,0x2300,132.0 KB,Unknown,0 B
Others/PIC24r2,PIC24FJ128GL406,0x2304,132.0 KB,Unknown,0 B
Others/PIC24r2,PIC24FJ128GL408,0x2308,132.0 KB,Unknown,0 B
Others/PIC24r2,PIC24FJ128GL410,0x230C,132.0 KB,Unknown,0 B
Others/PIC24r2,PIC24FJ256GL405,0x2310,258.0 KB,Unknown,0 B
Others/PIC24r2,PIC24FJ256GL406,0x2314,258.0 KB,Unknown,0 B
Others/PIC24r2,PIC24FJ256GL408,0x2318,258.0 KB,Unknown,0 B
Others/PIC24r2,PIC24FJ256GL410,0x231C,258.0 KB,Unknown,0 B
Others/PIC24r2,PIC24FJ512GL405,0x2320,516.0 KB,Unknown,0 B
Others/PIC24r2,PIC24FJ512GL406,0x2324,516.0 KB,Unknown,0 B
Others/PIC24r2,PIC24FJ512GL408,0x2328,516.0 KB,Unknown,0 B
Others/PIC24r2,PIC24FJ512GL410,0x232C,516.0 KB,Unknown,0 B
Others/dsPIC33CK,DSPIC33CK256MP502,0x7C70,264.0 KB,Unknown,0 B
Others/dsPIC33CK,DSPIC33CK256MP508,0x7C74,264.0 KB,Unknown,0 B
Others/dsPIC33CK,DSPIC33CK256MP506,0x7C73,264.0 KB,Unknown,0 B
Others/dsPIC33CK,DSPIC33CK256MP505,0x7C72,264.0 KB,Unknown,0 B
Others/dsPIC33CK,DSPIC33CK256MP503,0x7C71,264.0 KB,Unknown,0 B
Others/dsPIC33CK,DSPIC33CK128MP508,0x7C64,132.0 KB,Unknown,0 B
Others/dsPIC33CK,DSPIC33CK128MP506,0x7C63,132.0 KB,Unknown,0 B
Others/dsPIC33CK,DSPIC33CK128MP505,0x7C62,132.0 KB,Unknown,0 B
Others/dsPIC33CK,DSPIC33CK128MP503,0x7C61,132.0 KB,Unknown,0 B
Others/dsPIC33CK,DSPIC33CK128MP502,0x7C60,132.0 KB,Unknown,0 B
Others/dsPIC33CK,DSPIC33CK64MP502,0x7C50,66.0 KB,Unknown,0 B
Others/dsPIC33CK,DSPIC33CK32MP502,0x7C40,36.0 KB,Unknown,0 B
Others/dsPIC33CK,DSPIC33CK64MP503,0x7C51,66.0 KB,Unknown,0 B
Others/dsPIC33CK,DSPIC33CK64MP505,0x7C52,66.0 KB,Unknown,0 B
Others/dsPIC33CK,DSPIC33CK64MP506,0x7C53,66.0 KB,Unknown,0 B
Others/dsPIC33CK,DSPIC33CK64MP508,0x7C54,66.0 KB,Unknown,0 B
Others/dsPIC33CK,DSPIC33CK32MP503,0x7C41,36.0 KB,Unknown,0 B
Others/dsPIC33CK,DSPIC33CK32MP505,0x7C42,36.0 KB,Unknown,0 B
Others/dsPIC33CK,DSPIC33CK32MP506,0x7C43,36.0 KB,Unknown,0 B
Others/dsPIC33CK,DSPIC33CK256MP202,0x7C30,264.0 KB,Unknown,0 B
Others/dsPIC33CK,DSPIC33CK256MP208,0x7C34,264.0 KB,Unknown,0 B
Others/dsPIC33CK,DSPIC33CK256MP206,0x7C33,264.0 KB,Unknown,0 B
Others/dsPIC33CK,DSPIC33CK256MP205,0x7C32,264.0 KB,Unknown,0 B
Others/dsPIC33CK,DSPIC33CK256MP203,0x7C31,264.0 KB,Unknown,0 B
Others/dsPIC33CK,DSPIC33CK128MP202,0x7C20,132.0 KB,Unknown,0 B
Others/dsPIC33CK,DSPIC33CK128MP208,0x7C24,132.0 KB,Unknown,0 B
Others/dsPIC33CK,DSPIC33CK128MP206,0x7C23,132.0 KB,Unknown,0 B
Others/dsPIC33CK,DSPIC33CK128MP205,0x7C22,132.0 KB,Unknown,0 B
Others/dsPIC33CK,DSPIC33CK128MP203,0x7C21,132.0 KB,Unknown,0 B
Others/dsPIC33CK,DSPIC33CK64MP202,0x7C10,66.0 KB,Unknown,0 B
Others/dsPIC33CK,DSPIC33CK64MP208,0x7C14,66.0 KB,Unknown,0 B
Others/dsPIC33CK,DSPIC33CK64MP206,0x7C13,66.0 KB,Unknown,0 B
Others/dsPIC33CK,DSPIC33CK64MP205,0x7C12,66.0 KB,Unknown,0 B
Others/dsPIC33CK,DSPIC33CK64MP203,0x7C11,66.0 KB,Unknown,0 B
Others/dsPIC33CK,DSPIC33CK32MP202,0x7C00,36.0 KB,Unknown,0 B
Others/dsPIC33CK,DSPIC33CK32MP206,0x7C03,36.0 KB,Unknown,0 B
Others/dsPIC33CK,DSPIC33CK32MP205,0x7C02,36.0 KB,Unknown,0 B
Others/dsPIC33CK,DSPIC33CK32MP203,0x7C01,36.0 KB,Unknown,0 B
Others/dsPIC33CK,DSPIC33CK1024MP706,0xA063,1.0 MB,Unknown,0 B
Others/dsPIC33CK,DSPIC33CK512MP706,0xA053,528.0 KB,Unknown,0 B
Others/dsPIC33CK,DSPIC33CK256MP706,0xA043,264.0 KB,Unknown,0 B
Others/dsPIC33CK,DSPIC33CK1024MP710,0xA065,1.0 MB,Unknown,0 B
Others/dsPIC33CK,DSPIC33CK1024MP708,0xA064,1.0 MB,Unknown,0 B
Others/dsPIC33CK,DSPIC33CK1024MP705,0xA062,1.0 MB,Unknown,0 B
Others/dsPIC33CK,DSPIC33CK512MP710,0xA055,528.0 KB,Unknown,0 B
Others/dsPIC33CK,DSPIC33CK512MP708,0xA054,528.0 KB,Unknown,0 B
Others/dsPIC33CK,DSPIC33CK512MP705,0xA052,528.0 KB,Unknown,0 B
Others/dsPIC33CK,DSPIC33CK256MP710,0xA045,264.0 KB,Unknown,0 B
Others/dsPIC33CK,DSPIC33CK256MP708,0xA044,264.0 KB,Unknown,0 B
Others/dsPIC33CK,DSPIC33CK256MP705,0xA042,264.0 KB,Unknown,0 B
Others/dsPIC33CK,DSPIC33CK1024MP410,0xA025,1.0 MB,Unknown,0 B
Others/dsPIC33CK,DSPIC33CK1024MP408,0xA024,1.0 MB,Unknown,0 B
Others/dsPIC33CK,DSPIC33CK1024MP406,0xA023,1.0 MB,Unknown,0 B
Others/dsPIC33CK,DSPIC33CK1024MP405,0xA022,1.0 MB,Unknown,0 B
Others/dsPIC33CK,DSPIC33CK512MP410,0xA015,528.0 KB,Unknown,0 B
Others/dsPIC33CK,DSPIC33CK512MP408,0xA014,528.0 KB,Unknown,0 B
Others/dsPIC33CK,DSPIC33CK512MP406,0xA013,528.0 KB,Unknown,0 B
Others/dsPIC33CK,DSPIC33CK512MP405,0xA012,528.0 KB,Unknown,0 B
Others/dsPIC33CK,DSPIC33CK256MP410,0xA005,264.0 KB,Unknown,0 B
Others/dsPIC33CK,DSPIC33CK256MP408,0xA004,264.0 KB,Unknown,0 B
Others/dsPIC33CK,DSPIC33CK256MP406,0xA003,264.0 KB,Unknown,0 B
Others/dsPIC33CK,DSPIC33CK256MP405,0xA002,264.0 KB,Unknown,0 B
EEPROMS/SPIFLASH 1v8,W25Q64JW-IM,0x1780EF,8.0 MB,Unknown,0 B
EEPROMS/SPIFLASH 1v8,W25Q64JW-IQ,0x1760EF,8.0 MB,Unknown,0 B
EEPROMS/SPIFLASH 1v8,W25Q256JW,0x1960EF,32.0 MB,Unknown,0 B
EEPROMS/SPIFLASH 1v8,W25Q256JW-IM,0x1980EF,32.0 MB,Unknown,0 B
Others/dsPIC33CK,DSPIC33CK256MP308,0x9F04,264.0 KB,Unknown,0 B
Others/dsPIC33CK,DSPIC33CK512MP608,0x9F54,528.0 KB,Unknown,0 B
Others/dsPIC33CK,DSPIC33CK512MP605,0x9F52,528.0 KB,Unknown,0 B
Others/dsPIC33CK,DSPIC33CK512MP308,0x9F14,528.0 KB,Unknown,0 B
Others/dsPIC33CK,DSPIC33CK512MP306,0x9F13,528.0 KB,Unknown,0 B
Others/dsPIC33CK,DSPIC33CK512MP305,0x9F12,528.0 KB,Unknown,0 B
Others/dsPIC33CK,DSPIC33CK512MP606,0x9F53,528.0 KB,Unknown,0 B
Others/dsPIC33CK,DSPIC33CK256MP608,0x9F44,264.0 KB,Unknown,0 B
Others/dsPIC33CK,DSPIC33CK256MP605,0x9F42,264.0 KB,Unknown,0 B
Others/dsPIC33CK,DSPIC33CK256MP606,0x9F43,264.0 KB,Unknown,0 B
Others/dsPIC33CK,DSPIC33CK256MP306,0x9F03,264.0 KB,Unknown,0 B
Others/dsPIC33CK,DSPIC33CK256MP305,0x9F02,264.0 KB,Unknown,0 B
Others/PIC24EP,PIC24EP512GP806,0x183D,537.0 KB,Unknown,0 B
Others/PIC24r2,PIC24FJ64GU202,0x9A11,66.0 KB,Unknown,0 B
Others/PIC24EP,PIC24EP512GU810,0x1836,537.0 KB,Unknown,0 B
Others/PIC24EP,PIC24EP512GU814,0x1837,537.0 KB,Unknown,0 B
Others/PIC24EP,DSPIC33EP512GP806,0x187D,537.0 KB,Unknown,0 B
Others/PIC24EP,DSPIC33EP512MC806,0x1879,537.0 KB,Unknown,0 B
Others/PIC24EP,DSPIC33EP512MU810,0x1872,537.0 KB,Unknown,0 B
Others/PIC24EP,DSPIC33EP512MU814,0x1873,537.0 KB,Unknown,0 B
Others/PIC24EP,DSPIC33EP256MU806,0x185A,280.5 KB,Unknown,0 B
Others/PIC24EP,DSPIC33EP256MU810,0x1862,280.5 KB,Unknown,0 B
Others/PIC24EP,DSPIC33EP256MU814,0x1863,280.5 KB,Unknown,0 B
Others/PIC24EP,PIC24EP256GU810,0x1826,280.5 KB,Unknown,0 B
Others/PIC24EP,PIC24EP256GU814,0x1827,280.5 KB,Unknown,0 B
Midrange/1.8V Min MSB1st,PIC16F17556,0x3C46,32.0 KB,Unknown,512 B
Midrange/1.8V Min MSB1st,PIC16F17576,0x246,32.0 KB,Unknown,512 B
Midrange/1.8V Min MSB1st,PIC16F17546,0x3C46,32.0 KB,Unknown,512 B
Midrange/1.8V Min MSB1st,PIC16F17526,0x1C46,32.0 KB,Unknown,512 B
Midrange/1.8V Min MSB1st,PIC16F17575,0x1C46,16.0 KB,Unknown,512 B
Midrange/1.8V Min MSB1st,PIC16F17574,0xC46,8.0 KB,Unknown,512 B
Midrange/1.8V Min MSB1st,PIC16F17555,0x2C46,16.0 KB,Unknown,512 B
Midrange/1.8V Min MSB1st,PIC16F17545,0x2C46,16.0 KB,Unknown,512 B
Midrange/1.8V Min MSB1st,PIC16F17525,0xC46,16.0 KB,Unknown,512 B
Midrange/1.8V Min MSB1st,PIC16F17554,0x3446,8.0 KB,Unknown,512 B
Midrange/1.8V Min MSB1st,PIC16F17544,0x3446,8.0 KB,Unknown,512 B
Midrange/1.8V Min MSB1st,PIC16F17524,0x1446,8.0 KB,Unknown,512 B
Others/PIC24r2,PIC24FJ64GU205,0x9A19,66.0 KB,Unknown,0 B
Others/PIC24r2,PIC24FJ64GU203,0x9A15,66.0 KB,Unknown,0 B
Others/PIC24r2,PIC24FJ64GP205,0x9A18,66.0 KB,Unknown,0 B
Others/PIC24r2,PIC24FJ64GP203,0x9A14,66.0 KB,Unknown,0 B
Others/PIC24r2,PIC24FJ64GP202,0x9A10,66.0 KB,Unknown,0 B
Others/PIC24r2,PIC24FJ32GU205,0x9A09,33.0 KB,Unknown,0 B
Others/PIC24r2,PIC24FJ32GU203,0x9A05,33.0 KB,Unknown,0 B
Others/PIC24r2,PIC24FJ32GU202,0x9A01,33.0 KB,Unknown,0 B
Others/PIC24r2,PIC24FJ32GP205,0x9A08,33.0 KB,Unknown,0 B
Others/PIC24r2,PIC24FJ32GP203,0x9A04,33.0 KB,Unknown,0 B
Others/PIC24r2,PIC24FJ32GP202,0x9A00,33.0 KB,Unknown,0 B
Others/dsPIC33CK,DSPIC33CK64MC102,0x9910,66.0 KB,Unknown,0 B
Others/dsPIC33CK,DSPIC33CK64MC103,0x9911,66.0 KB,Unknown,0 B
Others/dsPIC33CK,DSPIC33CK64MC105,0x9912,66.0 KB,Unknown,0 B
Others/dsPIC33CK,DSPIC33CK32MC102,0x9900,36.0 KB,Unknown,0 B
Others/dsPIC33CK,DSPIC33CK32MC103,0x9901,36.0 KB,Unknown,0 B
Others/dsPIC33CK,DSPIC33CK32MC105,0x9902,36.0 KB,Unknown,0 B
